{
  "type": "FeatureCollection",
  "name": "libya-municipality-boundaries",
  "attribution": "© OpenStreetMap contributors; extract by Geofabrik",
  "features": [
    {
      "type": "Feature",
      "id": 45,
      "properties": {
        "id": 45,
        "slug": "kufra",
        "name_ar": "الكفرة",
        "name_en": "Kufra",
        "type": "municipality",
        "source": "openstreetmap-geofabrik",
        "source_id": "a4120357",
        "admin_level": 4
      },
      "geometry": {
        "type": "MultiPolygon",
        "coordinates": [
          [
            [
              [
                19.1680965,
                26.003809
              ],
              [
                19.1856594,
                22.026741
              ],
              [
                19.1857653,
                21.9902324
              ],
              [
                19.488611,
                21.840833
              ],
              [
                19.502778,
                21.834167
              ],
              [
                19.516667,
                21.826667
              ],
              [
                19.530833,
                21.82
              ],
              [
                19.545,
                21.813056
              ],
              [
                19.559167,
                21.806389
              ],
              [
                19.573056,
                21.798889
              ],
              [
                19.587222,
                21.791944
              ],
              [
                19.601111,
                21.785278
              ],
              [
                19.615278,
                21.778333
              ],
              [
                19.629444,
                21.770833
              ],
              [
                19.643333,
                21.764167
              ],
              [
                19.6575,
                21.757222
              ],
              [
                19.671667,
                21.750556
              ],
              [
                19.685556,
                21.743056
              ],
              [
                19.699722,
                21.736389
              ],
              [
                19.713611,
                21.729444
              ],
              [
                19.727778,
                21.721944
              ],
              [
                19.741944,
                21.715
              ],
              [
                19.755833,
                21.708333
              ],
              [
                19.77,
                21.701389
              ],
              [
                19.783889,
                21.693889
              ],
              [
                19.798056,
                21.687222
              ],
              [
                19.812222,
                21.680278
              ],
              [
                19.826111,
                21.673611
              ],
              [
                19.84,
                21.666111
              ],
              [
                19.854167,
                21.659167
              ],
              [
                19.868333,
                21.6525
              ],
              [
                19.882222,
                21.645556
              ],
              [
                19.896389,
                21.638056
              ],
              [
                19.910278,
                21.631111
              ],
              [
                19.924444,
                21.624444
              ],
              [
                19.938333,
                21.6175
              ],
              [
                19.9525,
                21.61
              ],
              [
                19.966389,
                21.603333
              ],
              [
                19.980556,
                21.596389
              ],
              [
                19.994444,
                21.588889
              ],
              [
                20.008611,
                21.581944
              ],
              [
                20.0225,
                21.575278
              ],
              [
                20.036667,
                21.568333
              ],
              [
                20.050556,
                21.560833
              ],
              [
                20.064722,
                21.553889
              ],
              [
                20.078611,
                21.547222
              ],
              [
                20.092778,
                21.540278
              ],
              [
                20.106667,
                21.532778
              ],
              [
                20.120556,
                21.525833
              ],
              [
                20.134722,
                21.519167
              ],
              [
                20.148611,
                21.512222
              ],
              [
                20.162778,
                21.504722
              ],
              [
                20.190556,
                21.490833
              ],
              [
                20.204722,
                21.484167
              ],
              [
                20.218611,
                21.476667
              ],
              [
                20.232778,
                21.469722
              ],
              [
                20.246667,
                21.462778
              ],
              [
                20.260556,
                21.455278
              ],
              [
                20.274722,
                21.448333
              ],
              [
                20.288611,
                21.441667
              ],
              [
                20.302778,
                21.434722
              ],
              [
                20.316667,
                21.427222
              ],
              [
                20.344444,
                21.413333
              ],
              [
                20.358611,
                21.406667
              ],
              [
                20.3725,
                21.398889
              ],
              [
                20.386389,
                21.392222
              ],
              [
                20.400556,
                21.385278
              ],
              [
                20.414444,
                21.378333
              ],
              [
                20.428333,
                21.370833
              ],
              [
                20.4425,
                21.363889
              ],
              [
                20.456389,
                21.356944
              ],
              [
                20.470278,
                21.350278
              ],
              [
                20.484167,
                21.3425
              ],
              [
                20.498333,
                21.335833
              ],
              [
                20.512222,
                21.328889
              ],
              [
                20.526111,
                21.321389
              ],
              [
                20.54,
                21.314444
              ],
              [
                20.554167,
                21.3075
              ],
              [
                20.568056,
                21.300556
              ],
              [
                20.581944,
                21.293056
              ],
              [
                20.595833,
                21.286111
              ],
              [
                20.61,
                21.279167
              ],
              [
                20.623889,
                21.272222
              ],
              [
                20.637778,
                21.264722
              ],
              [
                20.651667,
                21.257778
              ],
              [
                20.665833,
                21.250833
              ],
              [
                20.679722,
                21.244167
              ],
              [
                20.693611,
                21.236389
              ],
              [
                20.7075,
                21.229444
              ],
              [
                20.721389,
                21.222778
              ],
              [
                20.735556,
                21.215833
              ],
              [
                20.749444,
                21.208056
              ],
              [
                20.763333,
                21.201389
              ],
              [
                20.777222,
                21.194444
              ],
              [
                20.791111,
                21.186667
              ],
              [
                20.818889,
                21.172778
              ],
              [
                20.832778,
                21.166111
              ],
              [
                20.846667,
                21.158333
              ],
              [
                20.860833,
                21.151389
              ],
              [
                20.888611,
                21.1375
              ],
              [
                20.9025,
                21.13
              ],
              [
                20.944167,
                21.109167
              ],
              [
                20.958056,
                21.101667
              ],
              [
                20.971944,
                21.094722
              ],
              [
                20.986111,
                21.087778
              ],
              [
                21.0,
                21.080833
              ],
              [
                21.009722,
                21.075833
              ],
              [
                21.0246652,
                21.0679135
              ],
              [
                21.0375,
                21.061111
              ],
              [
                21.051389,
                21.054167
              ],
              [
                21.065278,
                21.047222
              ],
              [
                21.079167,
                21.040278
              ],
              [
                21.093056,
                21.032778
              ],
              [
                21.106944,
                21.025833
              ],
              [
                21.120833,
                21.018889
              ],
              [
                21.134722,
                21.011944
              ],
              [
                21.148611,
                21.005
              ],
              [
                21.1625,
                20.997222
              ],
              [
                21.176389,
                20.990278
              ],
              [
                21.190278,
                20.983333
              ],
              [
                21.204167,
                20.976389
              ],
              [
                21.218056,
                20.968889
              ],
              [
                21.231944,
                20.961944
              ],
              [
                21.245833,
                20.955
              ],
              [
                21.259722,
                20.948056
              ],
              [
                21.273611,
                20.941111
              ],
              [
                21.287222,
                20.933333
              ],
              [
                21.301111,
                20.926389
              ],
              [
                21.315,
                20.919444
              ],
              [
                21.328889,
                20.9125
              ],
              [
                21.342778,
                20.904722
              ],
              [
                21.356667,
                20.897778
              ],
              [
                21.370556,
                20.890833
              ],
              [
                21.384444,
                20.883889
              ],
              [
                21.398333,
                20.876944
              ],
              [
                21.412222,
                20.869167
              ],
              [
                21.426111,
                20.862222
              ],
              [
                21.44,
                20.855278
              ],
              [
                21.453889,
                20.848333
              ],
              [
                21.4675,
                20.840556
              ],
              [
                21.481389,
                20.833611
              ],
              [
                21.495278,
                20.826667
              ],
              [
                21.509167,
                20.819722
              ],
              [
                21.523056,
                20.812778
              ],
              [
                21.536667,
                20.805
              ],
              [
                21.550556,
                20.798056
              ],
              [
                21.564444,
                20.791111
              ],
              [
                21.578333,
                20.784167
              ],
              [
                21.592222,
                20.776389
              ],
              [
                21.606111,
                20.769444
              ],
              [
                21.619722,
                20.7625
              ],
              [
                21.633611,
                20.755556
              ],
              [
                21.6475,
                20.748611
              ],
              [
                21.661389,
                20.740833
              ],
              [
                21.675278,
                20.733889
              ],
              [
                21.688889,
                20.726944
              ],
              [
                21.702778,
                20.719722
              ],
              [
                21.716667,
                20.712222
              ],
              [
                21.730556,
                20.705
              ],
              [
                21.744167,
                20.698056
              ],
              [
                21.758056,
                20.691111
              ],
              [
                21.771944,
                20.684167
              ],
              [
                21.785556,
                20.676389
              ],
              [
                21.799444,
                20.669444
              ],
              [
                21.813333,
                20.6625
              ],
              [
                21.827222,
                20.655278
              ],
              [
                21.840833,
                20.647778
              ],
              [
                21.854722,
                20.640833
              ],
              [
                21.868611,
                20.633611
              ],
              [
                21.8825,
                20.626667
              ],
              [
                21.896111,
                20.619722
              ],
              [
                21.91,
                20.611944
              ],
              [
                21.923611,
                20.605
              ],
              [
                21.9375,
                20.597778
              ],
              [
                21.951389,
                20.590833
              ],
              [
                21.965,
                20.583056
              ],
              [
                21.978889,
                20.576111
              ],
              [
                21.992778,
                20.569167
              ],
              [
                22.006389,
                20.561944
              ],
              [
                22.020278,
                20.555
              ],
              [
                22.034167,
                20.547222
              ],
              [
                22.047778,
                20.540278
              ],
              [
                22.061667,
                20.533333
              ],
              [
                22.075556,
                20.526111
              ],
              [
                22.089167,
                20.518611
              ],
              [
                22.103056,
                20.511389
              ],
              [
                22.116667,
                20.504444
              ],
              [
                22.130556,
                20.4975
              ],
              [
                22.144167,
                20.490278
              ],
              [
                22.158056,
                20.4825
              ],
              [
                22.171667,
                20.475556
              ],
              [
                22.185556,
                20.468611
              ],
              [
                22.199444,
                20.461389
              ],
              [
                22.213056,
                20.453889
              ],
              [
                22.226944,
                20.446667
              ],
              [
                22.240556,
                20.439722
              ],
              [
                22.254444,
                20.4325
              ],
              [
                22.268056,
                20.425556
              ],
              [
                22.281944,
                20.417778
              ],
              [
                22.295556,
                20.410833
              ],
              [
                22.309444,
                20.403611
              ],
              [
                22.323056,
                20.396667
              ],
              [
                22.336944,
                20.388889
              ],
              [
                22.3413924,
                20.3866194
              ],
              [
                22.350556,
                20.381944
              ],
              [
                22.364444,
                20.374722
              ],
              [
                22.378056,
                20.367778
              ],
              [
                22.391944,
                20.360556
              ],
              [
                22.405556,
                20.352778
              ],
              [
                22.419444,
                20.345833
              ],
              [
                22.433056,
                20.338611
              ],
              [
                22.446944,
                20.331667
              ],
              [
                22.460556,
                20.324722
              ],
              [
                22.474167,
                20.316944
              ],
              [
                22.488056,
                20.309722
              ],
              [
                22.501667,
                20.302778
              ],
              [
                22.515556,
                20.295556
              ],
              [
                22.529167,
                20.287778
              ],
              [
                22.542778,
                20.280833
              ],
              [
                22.556667,
                20.273611
              ],
              [
                22.570278,
                20.266667
              ],
              [
                22.584167,
                20.259444
              ],
              [
                22.597778,
                20.251944
              ],
              [
                22.611389,
                20.244722
              ],
              [
                22.625278,
                20.2375
              ],
              [
                22.638889,
                20.230556
              ],
              [
                22.6525,
                20.222778
              ],
              [
                22.666389,
                20.215556
              ],
              [
                22.68,
                20.208611
              ],
              [
                22.693889,
                20.201389
              ],
              [
                22.7075,
                20.194444
              ],
              [
                22.721111,
                20.186667
              ],
              [
                22.734722,
                20.179444
              ],
              [
                22.748611,
                20.1725
              ],
              [
                22.762222,
                20.165278
              ],
              [
                22.775833,
                20.1575
              ],
              [
                22.789722,
                20.150556
              ],
              [
                22.803333,
                20.143333
              ],
              [
                22.816944,
                20.136111
              ],
              [
                22.830833,
                20.129167
              ],
              [
                22.844444,
                20.121389
              ],
              [
                22.858056,
                20.114167
              ],
              [
                22.871667,
                20.107222
              ],
              [
                22.885556,
                20.1
              ],
              [
                22.899167,
                20.092222
              ],
              [
                22.912778,
                20.085
              ],
              [
                22.926389,
                20.078056
              ],
              [
                22.940278,
                20.070833
              ],
              [
                22.953889,
                20.063611
              ],
              [
                22.9675,
                20.055833
              ],
              [
                22.981111,
                20.048889
              ],
              [
                22.994722,
                20.041667
              ],
              [
                23.008611,
                20.034444
              ],
              [
                23.022222,
                20.026667
              ],
              [
                23.035833,
                20.019722
              ],
              [
                23.049444,
                20.0125
              ],
              [
                23.063056,
                20.005278
              ],
              [
                23.076944,
                19.998333
              ],
              [
                23.090278,
                19.990556
              ],
              [
                23.104167,
                19.983333
              ],
              [
                23.117778,
                19.976111
              ],
              [
                23.131389,
                19.969167
              ],
              [
                23.145,
                19.961111
              ],
              [
                23.158611,
                19.954167
              ],
              [
                23.172222,
                19.946944
              ],
              [
                23.186111,
                19.939722
              ],
              [
                23.199722,
                19.932778
              ],
              [
                23.213333,
                19.924722
              ],
              [
                23.226944,
                19.917778
              ],
              [
                23.240556,
                19.910556
              ],
              [
                23.254167,
                19.903333
              ],
              [
                23.267778,
                19.895556
              ],
              [
                23.281389,
                19.888333
              ],
              [
                23.295,
                19.881389
              ],
              [
                23.308611,
                19.874167
              ],
              [
                23.3225,
                19.866944
              ],
              [
                23.335833,
                19.859167
              ],
              [
                23.349444,
                19.851944
              ],
              [
                23.363333,
                19.844722
              ],
              [
                23.376944,
                19.837778
              ],
              [
                23.390278,
                19.83
              ],
              [
                23.404167,
                19.822778
              ],
              [
                23.417778,
                19.815556
              ],
              [
                23.431389,
                19.808333
              ],
              [
                23.445,
                19.801111
              ],
              [
                23.458611,
                19.793333
              ],
              [
                23.472222,
                19.786111
              ],
              [
                23.485833,
                19.778889
              ],
              [
                23.499444,
                19.771944
              ],
              [
                23.512778,
                19.763889
              ],
              [
                23.526667,
                19.756944
              ],
              [
                23.540278,
                19.749722
              ],
              [
                23.553889,
                19.7425
              ],
              [
                23.5675,
                19.735278
              ],
              [
                23.580833,
                19.7275
              ],
              [
                23.594444,
                19.720278
              ],
              [
                23.608056,
                19.713056
              ],
              [
                23.621667,
                19.705833
              ],
              [
                23.635278,
                19.698056
              ],
              [
                23.648889,
                19.690833
              ],
              [
                23.6625,
                19.683611
              ],
              [
                23.676111,
                19.676389
              ],
              [
                23.689722,
                19.669444
              ],
              [
                23.703333,
                19.661389
              ],
              [
                23.716944,
                19.654167
              ],
              [
                23.730278,
                19.647222
              ],
              [
                23.743889,
                19.64
              ],
              [
                23.7575,
                19.631944
              ],
              [
                23.771111,
                19.624722
              ],
              [
                23.784722,
                19.617778
              ],
              [
                23.798333,
                19.610556
              ],
              [
                23.811944,
                19.603333
              ],
              [
                23.825278,
                19.595278
              ],
              [
                23.838889,
                19.588056
              ],
              [
                23.8525,
                19.580833
              ],
              [
                23.866111,
                19.573889
              ],
              [
                23.879722,
                19.565833
              ],
              [
                23.893056,
                19.558611
              ],
              [
                23.906667,
                19.551389
              ],
              [
                23.920278,
                19.544167
              ],
              [
                23.933889,
                19.536944
              ],
              [
                23.9475,
                19.529167
              ],
              [
                23.960833,
                19.521944
              ],
              [
                23.974444,
                19.514722
              ],
              [
                23.988056,
                19.5075
              ],
              [
                23.9999879,
                19.4999907
              ],
              [
                23.9999977,
                19.9999911
              ],
              [
                25.0000007,
                19.9999979
              ],
              [
                24.9999924,
                20.0333934
              ],
              [
                24.9998763,
                20.0783202
              ],
              [
                24.9999003,
                20.1046692
              ],
              [
                24.9999084,
                20.1602973
              ],
              [
                24.9999785,
                20.1875277
              ],
              [
                24.9999497,
                20.221781
              ],
              [
                24.9999766,
                20.2812768
              ],
              [
                25.0001026,
                20.3246644
              ],
              [
                25.0001029,
                20.3425266
              ],
              [
                25.0000979,
                20.3599795
              ],
              [
                25.0000701,
                20.3818893
              ],
              [
                24.9999728,
                20.3956082
              ],
              [
                25.0001001,
                20.4097024
              ],
              [
                24.9999055,
                20.4232289
              ],
              [
                25.0001167,
                20.4370085
              ],
              [
                25.000122,
                20.4505481
              ],
              [
                25.0001327,
                20.4648864
              ],
              [
                25.0000592,
                20.5010758
              ],
              [
                25.000114,
                20.5494256
              ],
              [
                25.0000234,
                20.6103311
              ],
              [
                25.0000561,
                20.6494705
              ],
              [
                25.0000128,
                20.7105826
              ],
              [
                25.0000401,
                20.7803405
              ],
              [
                25.0000697,
                20.8322296
              ],
              [
                25.0000967,
                20.8921005
              ],
              [
                25.0000634,
                20.9334901
              ],
              [
                25.0000172,
                20.983031
              ],
              [
                24.9999189,
                21.0285557
              ],
              [
                25.0000014,
                21.0848891
              ],
              [
                25.0000288,
                21.1461855
              ],
              [
                24.9999639,
                21.1874857
              ],
              [
                25.0000452,
                21.2242943
              ],
              [
                25.0001163,
                21.2780933
              ],
              [
                25.0000881,
                21.364153
              ],
              [
                24.9998885,
                21.4244514
              ],
              [
                25.000188,
                21.4716089
              ],
              [
                25.0000081,
                21.5341733
              ],
              [
                25.0000841,
                21.6376575
              ],
              [
                24.9999545,
                21.6932571
              ],
              [
                24.9999808,
                21.7363522
              ],
              [
                24.9999807,
                21.7830999
              ],
              [
                24.999992,
                21.82172
              ],
              [
                25.0000149,
                21.8362677
              ],
              [
                25.0000702,
                21.8867048
              ],
              [
                25.000084,
                21.9046123
              ],
              [
                24.9998507,
                21.943639
              ],
              [
                25.0,
                22.0
              ],
              [
                25.0000991,
                22.0332586
              ],
              [
                24.9999897,
                22.0469128
              ],
              [
                25.0000111,
                22.0604821
              ],
              [
                25.0000605,
                22.0744081
              ],
              [
                24.9999661,
                22.0885454
              ],
              [
                25.001111,
                22.13
              ],
              [
                25.0007815,
                22.1713984
              ],
              [
                25.001389,
                22.198889
              ],
              [
                25.001111,
                22.212778
              ],
              [
                25.001111,
                22.226667
              ],
              [
                25.001667,
                22.240556
              ],
              [
                25.001667,
                22.254444
              ],
              [
                25.001389,
                22.268056
              ],
              [
                25.001389,
                22.281944
              ],
              [
                25.001389,
                22.295833
              ],
              [
                25.001111,
                22.309722
              ],
              [
                25.001111,
                22.323611
              ],
              [
                25.001667,
                22.337222
              ],
              [
                25.001667,
                22.351111
              ],
              [
                25.001389,
                22.365
              ],
              [
                25.001389,
                22.378889
              ],
              [
                25.001111,
                22.392778
              ],
              [
                25.001111,
                22.406667
              ],
              [
                25.000833,
                22.420556
              ],
              [
                25.001389,
                22.448056
              ],
              [
                25.001389,
                22.461944
              ],
              [
                25.001111,
                22.475833
              ],
              [
                25.001111,
                22.489722
              ],
              [
                25.001111,
                22.503611
              ],
              [
                25.000833,
                22.5175
              ],
              [
                25.001389,
                22.531111
              ],
              [
                25.001389,
                22.545
              ],
              [
                25.001389,
                22.558889
              ],
              [
                25.001111,
                22.572778
              ],
              [
                25.001111,
                22.586667
              ],
              [
                25.000833,
                22.600556
              ],
              [
                25.000833,
                22.614167
              ],
              [
                25.001389,
                22.628056
              ],
              [
                25.001389,
                22.641944
              ],
              [
                25.001111,
                22.655833
              ],
              [
                25.001111,
                22.669722
              ],
              [
                25.000833,
                22.683333
              ],
              [
                25.000833,
                22.697222
              ],
              [
                25.000833,
                22.711111
              ],
              [
                25.001389,
                22.725
              ],
              [
                25.001111,
                22.738889
              ],
              [
                25.001111,
                22.752778
              ],
              [
                25.001111,
                22.766389
              ],
              [
                25.000833,
                22.780278
              ],
              [
                25.000833,
                22.794167
              ],
              [
                25.000556,
                22.808056
              ],
              [
                25.001111,
                22.821944
              ],
              [
                25.001111,
                22.835833
              ],
              [
                25.001111,
                22.849444
              ],
              [
                25.000833,
                22.863333
              ],
              [
                25.000833,
                22.877222
              ],
              [
                25.000556,
                22.891111
              ],
              [
                25.000556,
                22.905
              ],
              [
                25.001111,
                22.918889
              ],
              [
                25.001111,
                22.9325
              ],
              [
                25.000833,
                22.946389
              ],
              [
                25.000833,
                22.960278
              ],
              [
                25.000833,
                22.974167
              ],
              [
                25.000556,
                22.988056
              ],
              [
                25.000556,
                23.012222
              ],
              [
                25.000556,
                23.026111
              ],
              [
                25.001111,
                23.04
              ],
              [
                25.000833,
                23.053889
              ],
              [
                25.000833,
                23.067778
              ],
              [
                25.000833,
                23.081389
              ],
              [
                25.000556,
                23.095278
              ],
              [
                25.000556,
                23.109167
              ],
              [
                25.000278,
                23.123056
              ],
              [
                25.000278,
                23.136944
              ],
              [
                25.000833,
                23.150833
              ],
              [
                25.000556,
                23.178611
              ],
              [
                25.000556,
                23.1925
              ],
              [
                25.000278,
                23.206111
              ],
              [
                25.000278,
                23.22
              ],
              [
                25.000278,
                23.233889
              ],
              [
                25.0,
                23.247778
              ],
              [
                25.000556,
                23.261667
              ],
              [
                25.000556,
                23.275556
              ],
              [
                25.000556,
                23.289444
              ],
              [
                25.000278,
                23.303333
              ],
              [
                25.000278,
                23.317222
              ],
              [
                25.0,
                23.331111
              ],
              [
                25.0,
                23.344722
              ],
              [
                24.999722,
                23.358611
              ],
              [
                25.000556,
                23.3725
              ],
              [
                25.000278,
                23.386389
              ],
              [
                25.000278,
                23.400278
              ],
              [
                25.0,
                23.414167
              ],
              [
                25.0,
                23.428056
              ],
              [
                25.0,
                23.441944
              ],
              [
                24.999722,
                23.455556
              ],
              [
                25.000278,
                23.469444
              ],
              [
                25.000278,
                23.483333
              ],
              [
                25.0,
                23.497222
              ],
              [
                25.0,
                23.511111
              ],
              [
                25.0,
                23.525
              ],
              [
                24.999722,
                23.538889
              ],
              [
                24.999722,
                23.552778
              ],
              [
                24.999444,
                23.566667
              ],
              [
                25.000278,
                23.580278
              ],
              [
                25.0,
                23.594167
              ],
              [
                25.0,
                23.608056
              ],
              [
                24.999722,
                23.621944
              ],
              [
                24.999722,
                23.635833
              ],
              [
                24.999722,
                23.649722
              ],
              [
                24.999444,
                23.663611
              ],
              [
                24.999444,
                23.6775
              ],
              [
                25.0,
                23.691111
              ],
              [
                25.0,
                23.705
              ],
              [
                24.999722,
                23.718889
              ],
              [
                24.999722,
                23.732778
              ],
              [
                24.999444,
                23.746667
              ],
              [
                24.999444,
                23.760556
              ],
              [
                24.999167,
                23.774444
              ],
              [
                24.999167,
                23.788333
              ],
              [
                24.999722,
                23.802222
              ],
              [
                24.999722,
                23.815833
              ],
              [
                24.999444,
                23.829722
              ],
              [
                24.999444,
                23.843611
              ],
              [
                24.999167,
                23.8575
              ],
              [
                24.999167,
                23.871389
              ],
              [
                24.999167,
                23.885278
              ],
              [
                24.998889,
                23.899167
              ],
              [
                24.999444,
                23.913056
              ],
              [
                24.999444,
                23.926944
              ],
              [
                24.999444,
                23.940833
              ],
              [
                24.999167,
                23.954722
              ],
              [
                24.999167,
                23.968611
              ],
              [
                24.998889,
                23.9825
              ],
              [
                24.998889,
                23.996389
              ],
              [
                24.998611,
                24.010278
              ],
              [
                24.999444,
                24.023889
              ],
              [
                24.999167,
                24.037778
              ],
              [
                24.999167,
                24.051667
              ],
              [
                24.998889,
                24.065556
              ],
              [
                24.998889,
                24.079444
              ],
              [
                24.998889,
                24.093333
              ],
              [
                24.998611,
                24.107222
              ],
              [
                24.998611,
                24.121111
              ],
              [
                24.999167,
                24.134722
              ],
              [
                24.999167,
                24.148611
              ],
              [
                24.998889,
                24.1625
              ],
              [
                24.998889,
                24.176389
              ],
              [
                24.998611,
                24.190278
              ],
              [
                24.998611,
                24.204167
              ],
              [
                24.998333,
                24.218056
              ],
              [
                24.998333,
                24.231944
              ],
              [
                24.998889,
                24.245833
              ],
              [
                24.998889,
                24.259722
              ],
              [
                24.998611,
                24.273611
              ],
              [
                24.998611,
                24.2875
              ],
              [
                24.998611,
                24.301389
              ],
              [
                24.998333,
                24.315278
              ],
              [
                24.998333,
                24.329167
              ],
              [
                24.998056,
                24.343056
              ],
              [
                24.998889,
                24.356667
              ],
              [
                24.998611,
                24.370556
              ],
              [
                24.998611,
                24.384444
              ],
              [
                24.998333,
                24.398333
              ],
              [
                24.998333,
                24.412222
              ],
              [
                24.998056,
                24.426111
              ],
              [
                24.998056,
                24.44
              ],
              [
                24.998056,
                24.453889
              ],
              [
                24.998611,
                24.467778
              ],
              [
                24.998333,
                24.481667
              ],
              [
                24.998333,
                24.495556
              ],
              [
                24.998333,
                24.509444
              ],
              [
                24.998056,
                24.523056
              ],
              [
                24.998056,
                24.536944
              ],
              [
                24.997778,
                24.550833
              ],
              [
                24.997778,
                24.564722
              ],
              [
                24.998333,
                24.578611
              ],
              [
                24.998056,
                24.591944
              ],
              [
                24.998056,
                24.606389
              ],
              [
                24.998056,
                24.620278
              ],
              [
                24.997778,
                24.634167
              ],
              [
                24.997778,
                24.648056
              ],
              [
                24.9975,
                24.661944
              ],
              [
                24.9975,
                24.675833
              ],
              [
                24.998056,
                24.688889
              ],
              [
                24.998056,
                24.702778
              ],
              [
                24.997778,
                24.7175
              ],
              [
                24.997778,
                24.731389
              ],
              [
                24.997778,
                24.745278
              ],
              [
                24.9975,
                24.759167
              ],
              [
                24.9975,
                24.772778
              ],
              [
                24.997222,
                24.786667
              ],
              [
                24.998056,
                24.800556
              ],
              [
                24.997778,
                24.814444
              ],
              [
                24.997778,
                24.828333
              ],
              [
                24.9975,
                24.842222
              ],
              [
                24.9975,
                24.856111
              ],
              [
                24.997222,
                24.87
              ],
              [
                24.997222,
                24.883333
              ],
              [
                24.997222,
                24.897778
              ],
              [
                24.9975,
                24.910833
              ],
              [
                24.9975,
                24.925556
              ],
              [
                24.9975,
                24.939444
              ],
              [
                24.9975,
                24.953333
              ],
              [
                24.997222,
                24.967222
              ],
              [
                24.997222,
                24.981111
              ],
              [
                24.997778,
                25.013611
              ],
              [
                24.9975,
                25.0275
              ],
              [
                24.9975,
                25.041389
              ],
              [
                24.997222,
                25.055278
              ],
              [
                24.997222,
                25.069167
              ],
              [
                24.996944,
                25.083056
              ],
              [
                24.997778,
                25.096667
              ],
              [
                24.9975,
                25.110556
              ],
              [
                24.9975,
                25.124444
              ],
              [
                24.997222,
                25.137778
              ],
              [
                24.997222,
                25.151667
              ],
              [
                24.997778,
                25.165278
              ],
              [
                24.997778,
                25.18
              ],
              [
                24.9975,
                25.193889
              ],
              [
                24.9975,
                25.207778
              ],
              [
                24.997222,
                25.221667
              ],
              [
                24.998056,
                25.235556
              ],
              [
                24.997778,
                25.249444
              ],
              [
                24.997778,
                25.263333
              ],
              [
                24.9975,
                25.277222
              ],
              [
                24.9975,
                25.290833
              ],
              [
                24.9975,
                25.304722
              ],
              [
                24.998056,
                25.318611
              ],
              [
                24.997778,
                25.3325
              ],
              [
                24.997778,
                25.346389
              ],
              [
                24.997778,
                25.360278
              ],
              [
                24.9975,
                25.374167
              ],
              [
                24.998056,
                25.388056
              ],
              [
                24.998056,
                25.401944
              ],
              [
                24.997778,
                25.415
              ],
              [
                24.997778,
                25.429722
              ],
              [
                24.998333,
                25.457222
              ],
              [
                24.998333,
                25.471111
              ],
              [
                24.998056,
                25.485
              ],
              [
                24.997778,
                25.513056
              ],
              [
                24.998333,
                25.540556
              ],
              [
                24.998333,
                25.554444
              ],
              [
                24.998056,
                25.568333
              ],
              [
                24.998056,
                25.582222
              ],
              [
                24.998611,
                25.61
              ],
              [
                24.998333,
                25.623889
              ],
              [
                24.998333,
                25.637778
              ],
              [
                24.998611,
                25.679444
              ],
              [
                24.998611,
                25.693056
              ],
              [
                24.998333,
                25.706944
              ],
              [
                24.998333,
                25.720833
              ],
              [
                24.998333,
                25.734722
              ],
              [
                24.998056,
                25.748611
              ],
              [
                24.998611,
                25.761944
              ],
              [
                24.998611,
                25.776389
              ],
              [
                24.998333,
                25.789722
              ],
              [
                24.998333,
                25.804167
              ],
              [
                24.998333,
                25.818056
              ],
              [
                24.998889,
                25.831944
              ],
              [
                24.998611,
                25.845
              ],
              [
                24.998611,
                25.859722
              ],
              [
                24.998611,
                25.873611
              ],
              [
                24.998889,
                25.901389
              ],
              [
                24.998889,
                25.915
              ],
              [
                24.998889,
                25.928889
              ],
              [
                24.998611,
                25.942778
              ],
              [
                24.998611,
                25.956944
              ],
              [
                24.998333,
                25.970833
              ],
              [
                24.999167,
                25.984444
              ],
              [
                24.998889,
                25.998333
              ],
              [
                24.998889,
                26.012222
              ],
              [
                24.999167,
                26.053889
              ],
              [
                24.999167,
                26.067778
              ],
              [
                24.998889,
                26.081667
              ],
              [
                24.998889,
                26.095556
              ],
              [
                24.999444,
                26.123333
              ],
              [
                24.999167,
                26.137222
              ],
              [
                24.999167,
                26.150833
              ],
              [
                24.998889,
                26.165
              ],
              [
                24.998889,
                26.178889
              ],
              [
                24.999444,
                26.206389
              ],
              [
                24.999167,
                26.220278
              ],
              [
                24.999167,
                26.234167
              ],
              [
                24.998889,
                26.248056
              ],
              [
                24.999444,
                26.275833
              ],
              [
                24.999444,
                26.289167
              ],
              [
                24.999167,
                26.303611
              ],
              [
                24.999167,
                26.316667
              ],
              [
                24.999167,
                26.331389
              ],
              [
                24.999722,
                26.345278
              ],
              [
                24.999444,
                26.359167
              ],
              [
                24.999444,
                26.373056
              ],
              [
                24.999444,
                26.386944
              ],
              [
                24.999167,
                26.400833
              ],
              [
                24.999167,
                26.414722
              ],
              [
                24.999722,
                26.428333
              ],
              [
                24.999722,
                26.442222
              ],
              [
                24.999444,
                26.456111
              ],
              [
                24.999444,
                26.47
              ],
              [
                24.999167,
                26.483889
              ],
              [
                24.999722,
                26.497222
              ],
              [
                24.999722,
                26.511111
              ],
              [
                24.999722,
                26.525556
              ],
              [
                24.999444,
                26.539444
              ],
              [
                24.999444,
                26.553333
              ],
              [
                25.0,
                26.567222
              ],
              [
                25.0,
                26.581111
              ],
              [
                24.999722,
                26.594167
              ],
              [
                24.999444,
                26.608056
              ],
              [
                24.999444,
                26.622778
              ],
              [
                24.999444,
                26.636667
              ],
              [
                25.0,
                26.650556
              ],
              [
                25.0,
                26.664444
              ],
              [
                24.999722,
                26.678333
              ],
              [
                24.999722,
                26.691944
              ],
              [
                24.999444,
                26.705278
              ],
              [
                25.000278,
                26.719722
              ],
              [
                25.0,
                26.733611
              ],
              [
                25.0,
                26.7475
              ],
              [
                25.0,
                26.761389
              ],
              [
                24.999722,
                26.775278
              ],
              [
                25.000278,
                26.789167
              ],
              [
                25.000278,
                26.803056
              ],
              [
                25.000278,
                26.816944
              ],
              [
                25.0,
                26.830833
              ],
              [
                25.0,
                26.844722
              ],
              [
                24.999722,
                26.858611
              ],
              [
                25.000278,
                26.871667
              ],
              [
                25.000278,
                26.886389
              ],
              [
                25.000278,
                26.900278
              ],
              [
                25.0,
                26.914167
              ],
              [
                25.000556,
                26.941667
              ],
              [
                25.000556,
                26.955556
              ],
              [
                25.000278,
                26.969444
              ],
              [
                25.000278,
                26.983333
              ],
              [
                25.000833,
                27.011111
              ],
              [
                25.000556,
                27.025
              ],
              [
                25.000556,
                27.038889
              ],
              [
                25.0003392,
                27.0497186
              ],
              [
                25.0,
                27.0497112
              ],
              [
                24.2618465,
                27.0331154
              ],
              [
                23.0918427,
                27.014719
              ],
              [
                21.9228096,
                27.0076714
              ],
              [
                20.7230854,
                27.0218639
              ],
              [
                19.8492603,
                27.0154114
              ],
              [
                19.169878,
                27.0129356
              ],
              [
                19.1680965,
                26.003809
              ]
            ]
          ]
        ]
      }
    },
    {
      "type": "Feature",
      "id": 47,
      "properties": {
        "id": 47,
        "slug": "al-marj",
        "name_ar": "المرج",
        "name_en": "Al Marj",
        "type": "municipality",
        "source": "openstreetmap-geofabrik",
        "source_id": "a4120359",
        "admin_level": 4
      },
      "geometry": {
        "type": "MultiPolygon",
        "coordinates": [
          [
            [
              [
                20.4858394,
                32.7335712
              ],
              [
                20.5117341,
                32.6903069
              ],
              [
                20.5787033,
                32.5531923
              ],
              [
                20.5791172,
                32.5465676
              ],
              [
                20.5791373,
                32.5464992
              ],
              [
                20.5794965,
                32.5452663
              ],
              [
                20.6098731,
                32.4747025
              ],
              [
                20.6329291,
                32.4372346
              ],
              [
                20.6386932,
                32.4084145
              ],
              [
                20.6703971,
                32.3622987
              ],
              [
                20.7020972,
                32.3104226
              ],
              [
                20.7193931,
                32.2758347
              ],
              [
                20.7338012,
                32.2556626
              ],
              [
                20.7510932,
                32.2268426
              ],
              [
                20.7712691,
                32.1893746
              ],
              [
                20.7827972,
                32.1547868
              ],
              [
                20.7972091,
                32.1202027
              ],
              [
                20.7972091,
                32.0856187
              ],
              [
                20.8082718,
                32.0302913
              ],
              [
                20.8087371,
                32.0279748
              ],
              [
                20.8087371,
                31.9645707
              ],
              [
                20.8433211,
                31.9126908
              ],
              [
                20.8836692,
                31.8665788
              ],
              [
                20.9643691,
                31.7714707
              ],
              [
                21.0537131,
                31.6734788
              ],
              [
                21.1084731,
                31.6273667
              ],
              [
                21.1464484,
                31.5977647
              ],
              [
                21.21538,
                31.5410973
              ],
              [
                21.2237609,
                31.4577882
              ],
              [
                21.2424224,
                31.3557717
              ],
              [
                21.288832,
                31.2763154
              ],
              [
                21.3190937,
                31.0351048
              ],
              [
                21.3975334,
                31.0328407
              ],
              [
                21.6552525,
                31.0432053
              ],
              [
                21.717186,
                31.0656757
              ],
              [
                21.7117653,
                31.2818375
              ],
              [
                21.680027,
                31.3056145
              ],
              [
                21.6544476,
                31.3523712
              ],
              [
                21.6149902,
                31.4733429
              ],
              [
                21.618742,
                31.5887566
              ],
              [
                21.6596184,
                31.675663
              ],
              [
                21.6682377,
                31.7724285
              ],
              [
                21.6617699,
                31.9063702
              ],
              [
                21.6321468,
                31.9992161
              ],
              [
                21.5254765,
                32.0705071
              ],
              [
                21.4620056,
                32.1316681
              ],
              [
                21.4268951,
                32.2291069
              ],
              [
                21.3644543,
                32.3270187
              ],
              [
                21.3348293,
                32.4288635
              ],
              [
                21.3319206,
                32.5117607
              ],
              [
                21.3862113,
                32.5682109
              ],
              [
                21.3884277,
                32.5705147
              ],
              [
                21.4615326,
                32.6335144
              ],
              [
                21.4353753,
                32.6929847
              ],
              [
                21.4310408,
                32.7017967
              ],
              [
                21.4318777,
                32.7034037
              ],
              [
                21.4312769,
                32.7066718
              ],
              [
                21.4289809,
                32.7091815
              ],
              [
                21.4275647,
                32.7119619
              ],
              [
                21.427672,
                32.7135146
              ],
              [
                21.4269639,
                32.7158616
              ],
              [
                21.4260197,
                32.7168545
              ],
              [
                21.424625,
                32.7175045
              ],
              [
                21.4247108,
                32.7188765
              ],
              [
                21.4247966,
                32.7201222
              ],
              [
                21.4262128,
                32.7211512
              ],
              [
                21.4264489,
                32.7216386
              ],
              [
                21.42514,
                32.7225954
              ],
              [
                21.4229727,
                32.7227759
              ],
              [
                21.4219428,
                32.7234077
              ],
              [
                21.4213634,
                32.7249963
              ],
              [
                21.4212561,
                32.7266029
              ],
              [
                21.4162918,
                32.7427332
              ],
              [
                21.4177357,
                32.7451409
              ],
              [
                21.4180361,
                32.7496888
              ],
              [
                21.4185725,
                32.7515295
              ],
              [
                21.418907,
                32.752961
              ],
              [
                21.4181411,
                32.7540293
              ],
              [
                21.4167588,
                32.7551133
              ],
              [
                21.4159555,
                32.7563386
              ],
              [
                21.4156193,
                32.757941
              ],
              [
                21.4161984,
                32.759669
              ],
              [
                21.4167961,
                32.7616168
              ],
              [
                21.4164599,
                32.7627164
              ],
              [
                21.4155072,
                32.7644758
              ],
              [
                21.41237,
                32.7688397
              ],
              [
                21.4119954,
                32.7693608
              ],
              [
                21.4104076,
                32.7743713
              ],
              [
                21.4081286,
                32.7789417
              ],
              [
                21.4066433,
                32.783905
              ],
              [
                21.4058908,
                32.7860463
              ],
              [
                21.405886,
                32.7860598
              ],
              [
                21.3342807,
                32.9895723
              ],
              [
                21.207021,
                32.9798195
              ],
              [
                21.0914489,
                32.9711743
              ],
              [
                21.0893097,
                32.9708041
              ],
              [
                21.0863572,
                32.9708194
              ],
              [
                21.0784609,
                32.9703959
              ],
              [
                21.0580929,
                32.968006
              ],
              [
                21.0391513,
                32.9640626
              ],
              [
                21.0183858,
                32.9597693
              ],
              [
                21.012223,
                32.9582454
              ],
              [
                21.0063181,
                32.9564584
              ],
              [
                21.0006234,
                32.9550088
              ],
              [
                20.9982398,
                32.9545578
              ],
              [
                20.9890056,
                32.9522476
              ],
              [
                20.9802045,
                32.9497285
              ],
              [
                20.9714281,
                32.9468783
              ],
              [
                20.9628611,
                32.9438145
              ],
              [
                20.8992728,
                32.9194133
              ],
              [
                20.8623905,
                32.9052489
              ],
              [
                20.8364713,
                32.8940171
              ],
              [
                20.6986451,
                32.8325725
              ],
              [
                20.5615483,
                32.769649
              ],
              [
                20.5087612,
                32.7447886
              ],
              [
                20.4858394,
                32.7335712
              ]
            ]
          ]
        ]
      }
    },
    {
      "type": "Feature",
      "id": 59,
      "properties": {
        "id": 59,
        "slug": "benghazi",
        "name_ar": "بنغازي",
        "name_en": "Benghazi",
        "type": "municipality",
        "source": "openstreetmap-geofabrik",
        "source_id": "a4120341",
        "admin_level": 4
      },
      "geometry": {
        "type": "MultiPolygon",
        "coordinates": [
          [
            [
              [
                18.6509231,
                32.7005389
              ],
              [
                19.3800697,
                31.4110716
              ],
              [
                19.826878,
                31.3217794
              ],
              [
                20.1316336,
                31.260827
              ],
              [
                20.1321182,
                31.2608442
              ],
              [
                20.1892262,
                31.2628689
              ],
              [
                20.2990398,
                31.2317371
              ],
              [
                20.343092,
                31.1749516
              ],
              [
                20.4175358,
                31.0883541
              ],
              [
                20.5235348,
                31.0254574
              ],
              [
                20.5937672,
                31.0070362
              ],
              [
                20.7381306,
                31.0138531
              ],
              [
                20.9341106,
                31.0462017
              ],
              [
                21.3190937,
                31.0351048
              ],
              [
                21.288832,
                31.2763154
              ],
              [
                21.2424224,
                31.3557717
              ],
              [
                21.2237609,
                31.4577882
              ],
              [
                21.21538,
                31.5410973
              ],
              [
                21.1464484,
                31.5977647
              ],
              [
                21.1084731,
                31.6273667
              ],
              [
                21.0537131,
                31.6734788
              ],
              [
                20.9643691,
                31.7714707
              ],
              [
                20.8836692,
                31.8665788
              ],
              [
                20.8433211,
                31.9126908
              ],
              [
                20.8087371,
                31.9645707
              ],
              [
                20.8087371,
                32.0279748
              ],
              [
                20.8082718,
                32.0302913
              ],
              [
                20.7972091,
                32.0856187
              ],
              [
                20.7972091,
                32.1202027
              ],
              [
                20.7827972,
                32.1547868
              ],
              [
                20.7712691,
                32.1893746
              ],
              [
                20.7510932,
                32.2268426
              ],
              [
                20.7338012,
                32.2556626
              ],
              [
                20.7193931,
                32.2758347
              ],
              [
                20.7020972,
                32.3104226
              ],
              [
                20.6703971,
                32.3622987
              ],
              [
                20.6386932,
                32.4084145
              ],
              [
                20.6329291,
                32.4372346
              ],
              [
                20.6098731,
                32.4747025
              ],
              [
                20.5794965,
                32.5452663
              ],
              [
                20.5791373,
                32.5464992
              ],
              [
                20.5791172,
                32.5465676
              ],
              [
                20.5787033,
                32.5531923
              ],
              [
                20.5117341,
                32.6903069
              ],
              [
                20.4858394,
                32.7335712
              ],
              [
                20.4782574,
                32.7296897
              ],
              [
                20.4775667,
                32.7294266
              ],
              [
                20.4748433,
                32.7281742
              ],
              [
                20.4728896,
                32.7275614
              ],
              [
                20.4682752,
                32.7255798
              ],
              [
                20.4637133,
                32.7235134
              ],
              [
                20.4592061,
                32.7213633
              ],
              [
                20.4547556,
                32.7191303
              ],
              [
                20.450364,
                32.7168157
              ],
              [
                20.4460334,
                32.7144205
              ],
              [
                20.4417659,
                32.7119459
              ],
              [
                20.4375635,
                32.7093929
              ],
              [
                20.4350962,
                32.7075439
              ],
              [
                20.434161,
                32.7070186
              ],
              [
                20.4335912,
                32.7066871
              ],
              [
                20.4316598,
                32.7056061
              ],
              [
                20.4298443,
                32.7045816
              ],
              [
                20.4267112,
                32.703054
              ],
              [
                20.4252571,
                32.7022395
              ],
              [
                20.4221979,
                32.7005068
              ],
              [
                20.4200651,
                32.7005389
              ],
              [
                20.4110847,
                32.7005389
              ],
              [
                20.4021043,
                32.7005389
              ],
              [
                20.3931239,
                32.7005389
              ],
              [
                20.3841435,
                32.7005389
              ],
              [
                20.3751631,
                32.7005389
              ],
              [
                20.3661826,
                32.7005389
              ],
              [
                20.3572022,
                32.7005389
              ],
              [
                20.3482218,
                32.7005389
              ],
              [
                20.3392414,
                32.7005389
              ],
              [
                20.330261,
                32.7005389
              ],
              [
                20.3212806,
                32.7005389
              ],
              [
                20.3123001,
                32.7005389
              ],
              [
                20.3033197,
                32.7005389
              ],
              [
                20.2943393,
                32.7005389
              ],
              [
                20.2853589,
                32.7005389
              ],
              [
                20.2763785,
                32.7005389
              ],
              [
                20.2673981,
                32.7005389
              ],
              [
                20.2584176,
                32.7005389
              ],
              [
                20.2494372,
                32.7005389
              ],
              [
                20.2404568,
                32.7005389
              ],
              [
                20.2314764,
                32.7005389
              ],
              [
                20.222496,
                32.7005389
              ],
              [
                20.2135156,
                32.7005389
              ],
              [
                20.2045352,
                32.7005389
              ],
              [
                20.1955547,
                32.7005389
              ],
              [
                20.1865743,
                32.7005389
              ],
              [
                20.1775939,
                32.7005389
              ],
              [
                20.1686135,
                32.7005389
              ],
              [
                20.1596331,
                32.7005389
              ],
              [
                20.1506527,
                32.7005389
              ],
              [
                20.1416722,
                32.7005389
              ],
              [
                20.1326918,
                32.7005389
              ],
              [
                20.1237114,
                32.7005389
              ],
              [
                20.114731,
                32.7005389
              ],
              [
                20.1057506,
                32.7005389
              ],
              [
                20.0967702,
                32.7005389
              ],
              [
                20.0877897,
                32.7005389
              ],
              [
                20.0788093,
                32.7005389
              ],
              [
                20.0698289,
                32.7005389
              ],
              [
                20.0608485,
                32.7005389
              ],
              [
                20.0518681,
                32.7005389
              ],
              [
                20.0428877,
                32.7005389
              ],
              [
                20.0339072,
                32.7005389
              ],
              [
                20.0249268,
                32.7005389
              ],
              [
                20.0159464,
                32.7005389
              ],
              [
                20.006966,
                32.7005389
              ],
              [
                19.9979856,
                32.7005389
              ],
              [
                19.9890052,
                32.7005389
              ],
              [
                19.9800247,
                32.7005389
              ],
              [
                19.9710443,
                32.7005389
              ],
              [
                19.9620639,
                32.7005389
              ],
              [
                19.9530835,
                32.7005389
              ],
              [
                19.9441031,
                32.7005389
              ],
              [
                19.9351227,
                32.7005389
              ],
              [
                19.9261422,
                32.7005389
              ],
              [
                19.9171618,
                32.7005389
              ],
              [
                19.9081814,
                32.7005389
              ],
              [
                19.899201,
                32.7005389
              ],
              [
                19.8902206,
                32.7005389
              ],
              [
                19.8812402,
                32.7005389
              ],
              [
                19.8722597,
                32.7005389
              ],
              [
                19.8632793,
                32.7005389
              ],
              [
                19.8542989,
                32.7005389
              ],
              [
                19.8453185,
                32.7005389
              ],
              [
                19.8363381,
                32.7005389
              ],
              [
                19.8273577,
                32.7005389
              ],
              [
                19.8183772,
                32.7005389
              ],
              [
                19.8093968,
                32.7005389
              ],
              [
                19.8004164,
                32.7005389
              ],
              [
                19.791436,
                32.7005389
              ],
              [
                19.7824556,
                32.7005389
              ],
              [
                19.7734752,
                32.7005389
              ],
              [
                19.7644947,
                32.7005389
              ],
              [
                19.7555143,
                32.7005389
              ],
              [
                19.7465339,
                32.7005389
              ],
              [
                19.7375535,
                32.7005389
              ],
              [
                19.7285731,
                32.7005389
              ],
              [
                19.7195927,
                32.7005389
              ],
              [
                19.7106122,
                32.7005389
              ],
              [
                19.7016318,
                32.7005389
              ],
              [
                19.6926514,
                32.7005389
              ],
              [
                19.683671,
                32.7005389
              ],
              [
                19.6746906,
                32.7005389
              ],
              [
                19.6657102,
                32.7005389
              ],
              [
                19.6567297,
                32.7005389
              ],
              [
                19.6477493,
                32.7005389
              ],
              [
                19.6387689,
                32.7005389
              ],
              [
                19.6297885,
                32.7005389
              ],
              [
                19.6208081,
                32.7005389
              ],
              [
                19.6118277,
                32.7005389
              ],
              [
                19.6028472,
                32.7005389
              ],
              [
                19.5938668,
                32.7005389
              ],
              [
                19.5848864,
                32.7005389
              ],
              [
                19.575906,
                32.7005389
              ],
              [
                19.5669256,
                32.7005389
              ],
              [
                19.5579452,
                32.7005389
              ],
              [
                19.5489647,
                32.7005389
              ],
              [
                19.5399843,
                32.7005389
              ],
              [
                19.5310039,
                32.7005389
              ],
              [
                19.5220235,
                32.7005389
              ],
              [
                19.5130431,
                32.7005389
              ],
              [
                19.5040627,
                32.7005389
              ],
              [
                19.4950823,
                32.7005389
              ],
              [
                19.4861018,
                32.7005389
              ],
              [
                19.4771214,
                32.7005389
              ],
              [
                19.468141,
                32.7005389
              ],
              [
                19.4591606,
                32.7005389
              ],
              [
                19.4501802,
                32.7005389
              ],
              [
                19.4411998,
                32.7005389
              ],
              [
                19.4322193,
                32.7005389
              ],
              [
                19.4232389,
                32.7005389
              ],
              [
                19.4142585,
                32.7005389
              ],
              [
                19.4052781,
                32.7005389
              ],
              [
                19.3962977,
                32.7005389
              ],
              [
                19.3873173,
                32.7005389
              ],
              [
                19.3783368,
                32.7005389
              ],
              [
                19.3693564,
                32.7005389
              ],
              [
                19.360376,
                32.7005389
              ],
              [
                19.3513956,
                32.7005389
              ],
              [
                19.3424152,
                32.7005389
              ],
              [
                19.3334348,
                32.7005389
              ],
              [
                19.3244543,
                32.7005389
              ],
              [
                19.3154739,
                32.7005389
              ],
              [
                19.3064935,
                32.7005389
              ],
              [
                19.2975131,
                32.7005389
              ],
              [
                19.2885327,
                32.7005389
              ],
              [
                19.2795522,
                32.7005389
              ],
              [
                19.2705718,
                32.7005389
              ],
              [
                19.2615914,
                32.7005389
              ],
              [
                19.252611,
                32.7005389
              ],
              [
                19.2436306,
                32.7005389
              ],
              [
                19.2346502,
                32.7005389
              ],
              [
                19.2256698,
                32.7005389
              ],
              [
                19.2166893,
                32.7005389
              ],
              [
                19.2077089,
                32.7005389
              ],
              [
                19.1987285,
                32.7005389
              ],
              [
                19.1897481,
                32.7005389
              ],
              [
                19.1807677,
                32.7005389
              ],
              [
                19.1717873,
                32.7005389
              ],
              [
                19.1628068,
                32.7005389
              ],
              [
                19.1538264,
                32.7005389
              ],
              [
                19.144846,
                32.7005389
              ],
              [
                19.1358656,
                32.7005389
              ],
              [
                19.1268852,
                32.7005389
              ],
              [
                19.1179048,
                32.7005389
              ],
              [
                19.1089243,
                32.7005389
              ],
              [
                19.0999439,
                32.7005389
              ],
              [
                19.0909635,
                32.7005389
              ],
              [
                19.0819831,
                32.7005389
              ],
              [
                19.0730027,
                32.7005389
              ],
              [
                19.0640223,
                32.7005389
              ],
              [
                19.0550418,
                32.7005389
              ],
              [
                19.0460614,
                32.7005389
              ],
              [
                19.037081,
                32.7005389
              ],
              [
                19.0281006,
                32.7005389
              ],
              [
                19.0191202,
                32.7005389
              ],
              [
                19.0101398,
                32.7005389
              ],
              [
                19.0011593,
                32.7005389
              ],
              [
                18.9921789,
                32.7005389
              ],
              [
                18.9831985,
                32.7005389
              ],
              [
                18.9742181,
                32.7005389
              ],
              [
                18.9652377,
                32.7005389
              ],
              [
                18.9562573,
                32.7005389
              ],
              [
                18.9472768,
                32.7005389
              ],
              [
                18.9382964,
                32.7005389
              ],
              [
                18.929316,
                32.7005389
              ],
              [
                18.9203356,
                32.7005389
              ],
              [
                18.9113552,
                32.7005389
              ],
              [
                18.9023748,
                32.7005389
              ],
              [
                18.8933943,
                32.7005389
              ],
              [
                18.8844139,
                32.7005389
              ],
              [
                18.8754335,
                32.7005389
              ],
              [
                18.8664531,
                32.7005389
              ],
              [
                18.8574727,
                32.7005389
              ],
              [
                18.8484923,
                32.7005389
              ],
              [
                18.8395118,
                32.7005389
              ],
              [
                18.8305314,
                32.7005389
              ],
              [
                18.821551,
                32.7005389
              ],
              [
                18.8125706,
                32.7005389
              ],
              [
                18.8035902,
                32.7005389
              ],
              [
                18.7946098,
                32.7005389
              ],
              [
                18.7856294,
                32.7005389
              ],
              [
                18.7766489,
                32.7005389
              ],
              [
                18.7676685,
                32.7005389
              ],
              [
                18.7586881,
                32.7005389
              ],
              [
                18.7497077,
                32.7005389
              ],
              [
                18.7407273,
                32.7005389
              ],
              [
                18.7317469,
                32.7005389
              ],
              [
                18.7227664,
                32.7005389
              ],
              [
                18.713786,
                32.7005389
              ],
              [
                18.7048056,
                32.7005389
              ],
              [
                18.6958252,
                32.7005389
              ],
              [
                18.6868448,
                32.7005389
              ],
              [
                18.6778644,
                32.7005389
              ],
              [
                18.6688839,
                32.7005389
              ],
              [
                18.6599035,
                32.7005389
              ],
              [
                18.6509231,
                32.7005389
              ]
            ]
          ]
        ]
      }
    },
    {
      "type": "Feature",
      "id": 60,
      "properties": {
        "id": 60,
        "slug": "bani-walid",
        "name_ar": "بني وليد",
        "name_en": "Bani Walid",
        "type": "municipality",
        "source": "openstreetmap-geofabrik",
        "source_id": "a4120361",
        "admin_level": 4
      },
      "geometry": {
        "type": "MultiPolygon",
        "coordinates": [
          [
            [
              [
                13.2758689,
                32.3185012
              ],
              [
                13.2758783,
                32.3179735
              ],
              [
                13.2759406,
                32.3174485
              ],
              [
                13.2760553,
                32.3169299
              ],
              [
                13.2762218,
                32.3164215
              ],
              [
                13.277905,
                32.3083378
              ],
              [
                13.2789326,
                32.3018137
              ],
              [
                13.2794183,
                32.2995794
              ],
              [
                13.2802993,
                32.2973718
              ],
              [
                13.2790152,
                32.2937213
              ],
              [
                13.2836043,
                32.2875006
              ],
              [
                13.2860277,
                32.2853951
              ],
              [
                13.2886649,
                32.2849465
              ],
              [
                13.2904474,
                32.2793045
              ],
              [
                13.2951531,
                32.2785338
              ],
              [
                13.303071,
                32.2735511
              ],
              [
                13.3082126,
                32.2689651
              ],
              [
                13.3136447,
                32.2648419
              ],
              [
                13.3186053,
                32.2626186
              ],
              [
                13.3222911,
                32.2577981
              ],
              [
                13.3234472,
                32.2549612
              ],
              [
                13.3244051,
                32.2507549
              ],
              [
                13.3265296,
                32.2371571
              ],
              [
                13.3297068,
                32.2232549
              ],
              [
                13.3428845,
                32.2041167
              ],
              [
                13.350545,
                32.2039315
              ],
              [
                13.3612135,
                32.198163
              ],
              [
                13.372153,
                32.1912052
              ],
              [
                13.381481,
                32.1836978
              ],
              [
                13.3853433,
                32.182062
              ],
              [
                13.3876313,
                32.1809303
              ],
              [
                13.3924299,
                32.1785564
              ],
              [
                13.3982029,
                32.1748217
              ],
              [
                13.4008883,
                32.1680562
              ],
              [
                13.4012482,
                32.1642871
              ],
              [
                13.3996099,
                32.1650902
              ],
              [
                13.3936175,
                32.1651346
              ],
              [
                13.3912816,
                32.1630344
              ],
              [
                13.3911196,
                32.1629482
              ],
              [
                13.3909495,
                32.1628741
              ],
              [
                13.3907726,
                32.1628125
              ],
              [
                13.3905902,
                32.162764
              ],
              [
                13.3904035,
                32.1627289
              ],
              [
                13.3902141,
                32.1627074
              ],
              [
                13.3900232,
                32.1626997
              ],
              [
                13.3898322,
                32.162706
              ],
              [
                13.3865977,
                32.1627092
              ],
              [
                13.3863983,
                32.1627078
              ],
              [
                13.3861997,
                32.1626914
              ],
              [
                13.3860036,
                32.1626602
              ],
              [
                13.3858115,
                32.1626144
              ],
              [
                13.385625,
                32.1625543
              ],
              [
                13.3854454,
                32.1624804
              ],
              [
                13.3852741,
                32.1623934
              ],
              [
                13.3851125,
                32.1622939
              ],
              [
                13.3849619,
                32.1621826
              ],
              [
                13.3848235,
                32.1620603
              ],
              [
                13.3810843,
                32.159896
              ],
              [
                13.3775144,
                32.1563008
              ],
              [
                13.3767466,
                32.1543267
              ],
              [
                13.3755235,
                32.1526076
              ],
              [
                13.374809,
                32.1486398
              ],
              [
                13.3719773,
                32.1455922
              ],
              [
                13.3690857,
                32.1447675
              ],
              [
                13.364164,
                32.1447935
              ],
              [
                13.3638731,
                32.1446986
              ],
              [
                13.3635923,
                32.1445836
              ],
              [
                13.3633238,
                32.1444492
              ],
              [
                13.3630692,
                32.1442963
              ],
              [
                13.3628304,
                32.1441261
              ],
              [
                13.3626089,
                32.1439395
              ],
              [
                13.3624064,
                32.1437381
              ],
              [
                13.3555419,
                32.1353588
              ],
              [
                13.3524676,
                32.1313707
              ],
              [
                13.3502835,
                32.1290351
              ],
              [
                13.3471888,
                32.1290893
              ],
              [
                13.3445761,
                32.1269324
              ],
              [
                13.3387837,
                32.1227458
              ],
              [
                13.3369122,
                32.121041
              ],
              [
                13.3345293,
                32.118771
              ],
              [
                13.3326325,
                32.1184051
              ],
              [
                13.332158,
                32.117786
              ],
              [
                13.3305293,
                32.1154734
              ],
              [
                13.3298145,
                32.1140625
              ],
              [
                13.3278724,
                32.1102289
              ],
              [
                13.3257057,
                32.1004773
              ],
              [
                13.3285613,
                32.0965413
              ],
              [
                13.3275027,
                32.0843818
              ],
              [
                13.3308446,
                32.0788091
              ],
              [
                13.3308325,
                32.0720865
              ],
              [
                13.3352891,
                32.0660196
              ],
              [
                13.340232,
                32.0526701
              ],
              [
                13.3323291,
                32.0479918
              ],
              [
                13.3318369,
                32.0476545
              ],
              [
                13.3313825,
                32.0472805
              ],
              [
                13.3309699,
                32.0468732
              ],
              [
                13.3306298,
                32.0464294
              ],
              [
                13.3302826,
                32.0459714
              ],
              [
                13.3300137,
                32.0454846
              ],
              [
                13.3304983,
                32.0417905
              ],
              [
                13.3256312,
                32.0370803
              ],
              [
                13.3190593,
                32.0346392
              ],
              [
                13.3125903,
                32.0317253
              ],
              [
                13.3092204,
                32.0317229
              ],
              [
                13.3055448,
                32.0309459
              ],
              [
                13.3080443,
                32.0134596
              ],
              [
                13.308932,
                32.0046341
              ],
              [
                13.3114669,
                31.9764075
              ],
              [
                13.3222359,
                31.9721187
              ],
              [
                13.3222224,
                31.9601271
              ],
              [
                13.3186571,
                31.8619899
              ],
              [
                13.3227965,
                31.8117638
              ],
              [
                13.322711,
                31.8082685
              ],
              [
                13.3209713,
                31.7744386
              ],
              [
                13.3198486,
                31.7533058
              ],
              [
                13.3199443,
                31.7524511
              ],
              [
                13.3202938,
                31.7477206
              ],
              [
                13.3220216,
                31.726694
              ],
              [
                13.3223956,
                31.7252121
              ],
              [
                13.3398741,
                31.7008569
              ],
              [
                13.3706759,
                31.6738907
              ],
              [
                13.3720752,
                31.6707152
              ],
              [
                13.3901716,
                31.6316103
              ],
              [
                13.4045492,
                31.5945794
              ],
              [
                13.4193598,
                31.5564098
              ],
              [
                13.4282259,
                31.5103893
              ],
              [
                13.4525962,
                31.4184919
              ],
              [
                13.4319955,
                31.3929459
              ],
              [
                13.4403364,
                31.380505
              ],
              [
                13.4866419,
                31.3653699
              ],
              [
                13.5357772,
                31.3502866
              ],
              [
                13.5745592,
                31.3380083
              ],
              [
                13.5856994,
                31.3350091
              ],
              [
                13.6092683,
                31.3282849
              ],
              [
                13.6101659,
                31.32355
              ],
              [
                13.6265821,
                31.2859378
              ],
              [
                13.659366,
                31.0637654
              ],
              [
                13.6894697,
                30.9314086
              ],
              [
                13.7275231,
                30.8281679
              ],
              [
                13.7601322,
                30.7660023
              ],
              [
                14.5052109,
                30.3913847
              ],
              [
                14.5517165,
                30.3917634
              ],
              [
                14.5625408,
                30.4203266
              ],
              [
                14.5903596,
                30.5436943
              ],
              [
                14.5942859,
                30.5599891
              ],
              [
                14.5981004,
                30.6259754
              ],
              [
                14.5944746,
                30.7221453
              ],
              [
                14.6002144,
                30.7999774
              ],
              [
                14.6535471,
                30.8589989
              ],
              [
                14.7184339,
                30.9091636
              ],
              [
                14.8087872,
                30.9464188
              ],
              [
                14.8836335,
                30.9711311
              ],
              [
                14.9460052,
                31.0210774
              ],
              [
                14.9712405,
                31.0974803
              ],
              [
                14.983458,
                31.1638721
              ],
              [
                15.0083778,
                31.2026454
              ],
              [
                15.0593564,
                31.2191096
              ],
              [
                15.0823202,
                31.2460266
              ],
              [
                15.0912005,
                31.2793481
              ],
              [
                15.0821657,
                31.3105631
              ],
              [
                15.0899155,
                31.3113973
              ],
              [
                15.0899526,
                31.3114012
              ],
              [
                15.1539095,
                31.3182669
              ],
              [
                15.2694122,
                31.3278861
              ],
              [
                15.318758,
                31.3654813
              ],
              [
                15.4428628,
                31.3620478
              ],
              [
                15.5400787,
                31.3772748
              ],
              [
                15.559939,
                31.3868652
              ],
              [
                15.5604452,
                31.3871096
              ],
              [
                15.5784761,
                31.3958099
              ],
              [
                15.6003853,
                31.4063805
              ],
              [
                15.6717658,
                31.4331238
              ],
              [
                15.6719868,
                31.4332064
              ],
              [
                15.679722,
                31.4361011
              ],
              [
                15.6797216,
                31.4361019
              ],
              [
                15.6798334,
                31.4361469
              ],
              [
                15.6802865,
                31.4364407
              ],
              [
                15.8219767,
                31.5474207
              ],
              [
                17.3043355,
                32.7005389
              ],
              [
                17.3038606,
                32.7005389
              ],
              [
                17.2948802,
                32.7005389
              ],
              [
                17.2858998,
                32.7005389
              ],
              [
                17.2769194,
                32.7005389
              ],
              [
                17.267939,
                32.7005389
              ],
              [
                17.2589586,
                32.7005389
              ],
              [
                17.2499781,
                32.7005389
              ],
              [
                17.2409977,
                32.7005389
              ],
              [
                17.2320173,
                32.7005389
              ],
              [
                17.2230369,
                32.7005389
              ],
              [
                17.2140565,
                32.7005389
              ],
              [
                17.2050761,
                32.7005389
              ],
              [
                17.1960956,
                32.7005389
              ],
              [
                17.1871152,
                32.7005389
              ],
              [
                17.1781348,
                32.7005389
              ],
              [
                17.1691544,
                32.7005389
              ],
              [
                17.160174,
                32.7005389
              ],
              [
                17.1511936,
                32.7005389
              ],
              [
                17.1422131,
                32.7005389
              ],
              [
                17.1332327,
                32.7005389
              ],
              [
                17.1242523,
                32.7005389
              ],
              [
                17.1152719,
                32.7005389
              ],
              [
                17.1062915,
                32.7005389
              ],
              [
                17.097311,
                32.7005389
              ],
              [
                17.0883306,
                32.7005389
              ],
              [
                17.0793502,
                32.7005389
              ],
              [
                17.0703698,
                32.7005389
              ],
              [
                17.0613894,
                32.7005389
              ],
              [
                17.052409,
                32.7005389
              ],
              [
                17.0434286,
                32.7005389
              ],
              [
                17.0344481,
                32.7005389
              ],
              [
                17.0254677,
                32.7005389
              ],
              [
                17.0164873,
                32.7005389
              ],
              [
                17.0075069,
                32.7005389
              ],
              [
                16.9985265,
                32.7005389
              ],
              [
                16.9895461,
                32.7005389
              ],
              [
                16.9805656,
                32.7005389
              ],
              [
                16.9715852,
                32.7005389
              ],
              [
                16.9626048,
                32.7005389
              ],
              [
                16.9536244,
                32.7005389
              ],
              [
                16.944644,
                32.7005389
              ],
              [
                16.9356636,
                32.7005389
              ],
              [
                16.9266831,
                32.7005389
              ],
              [
                16.9177027,
                32.7005389
              ],
              [
                16.9087223,
                32.7005389
              ],
              [
                16.8997419,
                32.7005389
              ],
              [
                16.8907615,
                32.7005389
              ],
              [
                16.8817811,
                32.7005389
              ],
              [
                16.8728006,
                32.7005389
              ],
              [
                16.8638202,
                32.7005389
              ],
              [
                16.8548398,
                32.7005389
              ],
              [
                16.8458594,
                32.7005389
              ],
              [
                16.836879,
                32.7005389
              ],
              [
                16.8278986,
                32.7005389
              ],
              [
                16.8189181,
                32.7005389
              ],
              [
                16.8099377,
                32.7005389
              ],
              [
                16.8009573,
                32.7005389
              ],
              [
                16.7919769,
                32.7005389
              ],
              [
                16.7829965,
                32.7005389
              ],
              [
                16.7740161,
                32.7005389
              ],
              [
                16.7650356,
                32.7005389
              ],
              [
                16.7560552,
                32.7005389
              ],
              [
                16.7470748,
                32.7005389
              ],
              [
                16.7380944,
                32.7005389
              ],
              [
                16.729114,
                32.7005389
              ],
              [
                16.7201336,
                32.7005389
              ],
              [
                16.7111531,
                32.7005389
              ],
              [
                16.7021727,
                32.7005389
              ],
              [
                16.6931923,
                32.7005389
              ],
              [
                16.6842119,
                32.7005389
              ],
              [
                16.6752315,
                32.7005389
              ],
              [
                16.6662511,
                32.7005389
              ],
              [
                16.6572707,
                32.7005389
              ],
              [
                16.6482902,
                32.7005389
              ],
              [
                16.6393098,
                32.7005389
              ],
              [
                16.6303294,
                32.7005389
              ],
              [
                16.621349,
                32.7005389
              ],
              [
                16.6123686,
                32.7005389
              ],
              [
                16.6033882,
                32.7005389
              ],
              [
                16.5944077,
                32.7005389
              ],
              [
                16.5854273,
                32.7005389
              ],
              [
                16.5764469,
                32.7005389
              ],
              [
                16.5674665,
                32.7005389
              ],
              [
                16.5584861,
                32.7005389
              ],
              [
                16.5495057,
                32.7005389
              ],
              [
                16.5405252,
                32.7005389
              ],
              [
                16.5315448,
                32.7005389
              ],
              [
                16.5225644,
                32.7005389
              ],
              [
                16.513584,
                32.7005389
              ],
              [
                16.5046036,
                32.7005389
              ],
              [
                16.4956232,
                32.7005389
              ],
              [
                16.4866427,
                32.7005389
              ],
              [
                16.4776623,
                32.7005389
              ],
              [
                16.4686819,
                32.7005389
              ],
              [
                16.4597015,
                32.7005389
              ],
              [
                16.4507211,
                32.7005389
              ],
              [
                16.4417407,
                32.7005389
              ],
              [
                16.4327602,
                32.7005389
              ],
              [
                16.4237798,
                32.7005389
              ],
              [
                16.4147994,
                32.7005389
              ],
              [
                16.405819,
                32.7005389
              ],
              [
                16.3968386,
                32.7005389
              ],
              [
                16.3878582,
                32.7005389
              ],
              [
                16.3788777,
                32.7005389
              ],
              [
                16.3698973,
                32.7005389
              ],
              [
                16.3609169,
                32.7005389
              ],
              [
                16.3519365,
                32.7005389
              ],
              [
                16.3429561,
                32.7005389
              ],
              [
                16.3339757,
                32.7005389
              ],
              [
                16.3249952,
                32.7005389
              ],
              [
                16.3160148,
                32.7005389
              ],
              [
                16.3070344,
                32.7005389
              ],
              [
                16.298054,
                32.7005389
              ],
              [
                16.2890736,
                32.7005389
              ],
              [
                16.2800932,
                32.7005389
              ],
              [
                16.2711127,
                32.7005389
              ],
              [
                16.2621323,
                32.7005389
              ],
              [
                16.2531519,
                32.7005389
              ],
              [
                16.2441715,
                32.7005389
              ],
              [
                16.2351911,
                32.7005389
              ],
              [
                16.2262107,
                32.7005389
              ],
              [
                16.2172302,
                32.7005389
              ],
              [
                16.2082498,
                32.7005389
              ],
              [
                16.1992694,
                32.7005389
              ],
              [
                16.190289,
                32.7005389
              ],
              [
                16.1813086,
                32.7005389
              ],
              [
                16.1723282,
                32.7005389
              ],
              [
                16.1633477,
                32.7005389
              ],
              [
                16.1543673,
                32.7005389
              ],
              [
                16.1453869,
                32.7005389
              ],
              [
                16.1364065,
                32.7005389
              ],
              [
                16.1274261,
                32.7005389
              ],
              [
                16.1184457,
                32.7005389
              ],
              [
                16.1094652,
                32.7005389
              ],
              [
                16.1004848,
                32.7005389
              ],
              [
                16.0915044,
                32.7005389
              ],
              [
                16.082524,
                32.7005389
              ],
              [
                16.0735436,
                32.7005389
              ],
              [
                16.0645632,
                32.7005389
              ],
              [
                16.0555827,
                32.7005389
              ],
              [
                16.0466023,
                32.7005389
              ],
              [
                16.0376219,
                32.7005389
              ],
              [
                16.0286415,
                32.7005389
              ],
              [
                16.0196611,
                32.7005389
              ],
              [
                16.0106807,
                32.7005389
              ],
              [
                16.0017002,
                32.7005389
              ],
              [
                15.9927198,
                32.7005389
              ],
              [
                15.9837394,
                32.7005389
              ],
              [
                15.974759,
                32.7005389
              ],
              [
                15.9657786,
                32.7005389
              ],
              [
                15.9567982,
                32.7005389
              ],
              [
                15.9478178,
                32.7005389
              ],
              [
                15.9388373,
                32.7005389
              ],
              [
                15.9298569,
                32.7005389
              ],
              [
                15.9208765,
                32.7005389
              ],
              [
                15.9118961,
                32.7005389
              ],
              [
                15.9029157,
                32.7005389
              ],
              [
                15.8939353,
                32.7005389
              ],
              [
                15.8849548,
                32.7005389
              ],
              [
                15.8759744,
                32.7005389
              ],
              [
                15.866994,
                32.7005389
              ],
              [
                15.8580136,
                32.7005389
              ],
              [
                15.8490332,
                32.7005389
              ],
              [
                15.8400528,
                32.7005389
              ],
              [
                15.8310723,
                32.7005389
              ],
              [
                15.8220919,
                32.7005389
              ],
              [
                15.8131115,
                32.7005389
              ],
              [
                15.8041311,
                32.7005389
              ],
              [
                15.7951507,
                32.7005389
              ],
              [
                15.7861703,
                32.7005389
              ],
              [
                15.7771898,
                32.7005389
              ],
              [
                15.7682094,
                32.7005389
              ],
              [
                15.759229,
                32.7005389
              ],
              [
                15.7502486,
                32.7005389
              ],
              [
                15.7412682,
                32.7005389
              ],
              [
                15.7322878,
                32.7005389
              ],
              [
                15.7233073,
                32.7005389
              ],
              [
                15.7143269,
                32.7005389
              ],
              [
                15.7053465,
                32.7005389
              ],
              [
                15.6963661,
                32.7005389
              ],
              [
                15.6873857,
                32.7005389
              ],
              [
                15.6784053,
                32.7005389
              ],
              [
                15.6694248,
                32.7005389
              ],
              [
                15.6604444,
                32.7005389
              ],
              [
                15.651464,
                32.7005389
              ],
              [
                15.6424836,
                32.7005389
              ],
              [
                15.6335032,
                32.7005389
              ],
              [
                15.6245228,
                32.7005389
              ],
              [
                15.6155423,
                32.7005389
              ],
              [
                15.6065619,
                32.7005389
              ],
              [
                15.5975815,
                32.7005389
              ],
              [
                15.5886011,
                32.7005389
              ],
              [
                15.5796207,
                32.7005389
              ],
              [
                15.5706403,
                32.7005389
              ],
              [
                15.5616598,
                32.7005389
              ],
              [
                15.5526794,
                32.7005389
              ],
              [
                15.543699,
                32.7005389
              ],
              [
                15.5347186,
                32.7005389
              ],
              [
                15.5257382,
                32.7005389
              ],
              [
                15.5167578,
                32.7005389
              ],
              [
                15.5077773,
                32.7005389
              ],
              [
                15.4987969,
                32.7005389
              ],
              [
                15.4898165,
                32.7005389
              ],
              [
                15.4808361,
                32.7005389
              ],
              [
                15.4718557,
                32.7005389
              ],
              [
                15.4628753,
                32.7005389
              ],
              [
                15.4538948,
                32.7005389
              ],
              [
                15.4449144,
                32.7005389
              ],
              [
                15.435934,
                32.7005389
              ],
              [
                15.4269536,
                32.7005389
              ],
              [
                15.4179732,
                32.7005389
              ],
              [
                15.4089928,
                32.7005389
              ],
              [
                15.4000123,
                32.7005389
              ],
              [
                15.3910319,
                32.7005389
              ],
              [
                15.3820515,
                32.7005389
              ],
              [
                15.3730711,
                32.7005389
              ],
              [
                15.3640907,
                32.7005389
              ],
              [
                15.3551103,
                32.7005389
              ],
              [
                15.3461298,
                32.7005389
              ],
              [
                15.3371494,
                32.7005389
              ],
              [
                15.328169,
                32.7005389
              ],
              [
                15.3191886,
                32.7005389
              ],
              [
                15.3102082,
                32.7005389
              ],
              [
                15.3012278,
                32.7005389
              ],
              [
                15.2922473,
                32.7005389
              ],
              [
                15.2832669,
                32.7005389
              ],
              [
                15.2742865,
                32.7005389
              ],
              [
                15.2653061,
                32.7005389
              ],
              [
                15.2563257,
                32.7005389
              ],
              [
                15.2473453,
                32.7005389
              ],
              [
                15.2383649,
                32.7005389
              ],
              [
                15.2293844,
                32.7005389
              ],
              [
                15.220404,
                32.7005389
              ],
              [
                15.2114236,
                32.7005389
              ],
              [
                15.2024432,
                32.7005389
              ],
              [
                15.1934628,
                32.7005389
              ],
              [
                15.1844824,
                32.7005389
              ],
              [
                15.1755019,
                32.7005389
              ],
              [
                15.1665215,
                32.7005389
              ],
              [
                15.1575411,
                32.7005389
              ],
              [
                15.1485607,
                32.7005389
              ],
              [
                15.1395803,
                32.7005389
              ],
              [
                15.1305999,
                32.7005389
              ],
              [
                15.1216194,
                32.7005389
              ],
              [
                15.112639,
                32.7005389
              ],
              [
                15.1036586,
                32.7005389
              ],
              [
                15.0946782,
                32.7005389
              ],
              [
                15.0856978,
                32.7005389
              ],
              [
                15.0767174,
                32.7005389
              ],
              [
                15.0677369,
                32.7005389
              ],
              [
                15.0587565,
                32.7005389
              ],
              [
                15.0497761,
                32.7005389
              ],
              [
                15.0407957,
                32.7005389
              ],
              [
                15.0318153,
                32.7005389
              ],
              [
                15.0228349,
                32.7005389
              ],
              [
                15.0138544,
                32.7005389
              ],
              [
                15.004874,
                32.7005389
              ],
              [
                14.9958936,
                32.7005389
              ],
              [
                14.9869132,
                32.7005389
              ],
              [
                14.9779328,
                32.7005389
              ],
              [
                14.9689524,
                32.7005389
              ],
              [
                14.9599719,
                32.7005389
              ],
              [
                14.9509915,
                32.7005389
              ],
              [
                14.9420111,
                32.7005389
              ],
              [
                14.9330307,
                32.7005389
              ],
              [
                14.9240503,
                32.7005389
              ],
              [
                14.9150699,
                32.7005389
              ],
              [
                14.9060894,
                32.7005389
              ],
              [
                14.897109,
                32.7005389
              ],
              [
                14.8881286,
                32.7005389
              ],
              [
                14.8791482,
                32.7005389
              ],
              [
                14.8701678,
                32.7005389
              ],
              [
                14.8611874,
                32.7005389
              ],
              [
                14.8522069,
                32.7005389
              ],
              [
                14.8432265,
                32.7005389
              ],
              [
                14.8342461,
                32.7005389
              ],
              [
                14.8252657,
                32.7005389
              ],
              [
                14.8162853,
                32.7005389
              ],
              [
                14.8073049,
                32.7005389
              ],
              [
                14.7983244,
                32.7005389
              ],
              [
                14.789344,
                32.7005389
              ],
              [
                14.7803636,
                32.7005389
              ],
              [
                14.7713832,
                32.7005389
              ],
              [
                14.7624028,
                32.7005389
              ],
              [
                14.7534224,
                32.7005389
              ],
              [
                14.7444419,
                32.7005389
              ],
              [
                14.7354615,
                32.7005389
              ],
              [
                14.7264811,
                32.7005389
              ],
              [
                14.7175007,
                32.7005389
              ],
              [
                14.7085203,
                32.7005389
              ],
              [
                14.6995399,
                32.7005389
              ],
              [
                14.6905594,
                32.7005389
              ],
              [
                14.681579,
                32.7005389
              ],
              [
                14.6725986,
                32.7005389
              ],
              [
                14.6636182,
                32.7005389
              ],
              [
                14.6546378,
                32.7005389
              ],
              [
                14.6456574,
                32.7005389
              ],
              [
                14.6366769,
                32.7005389
              ],
              [
                14.6308561,
                32.7005389
              ],
              [
                14.6252262,
                32.7025558
              ],
              [
                14.6169128,
                32.7055341
              ],
              [
                14.6085996,
                32.7085124
              ],
              [
                14.6002857,
                32.7114908
              ],
              [
                14.5919729,
                32.7144689
              ],
              [
                14.5529125,
                32.6539301
              ],
              [
                14.4441032,
                32.5340219
              ],
              [
                14.2004658,
                32.2652584
              ],
              [
                14.200013,
                32.2651101
              ],
              [
                13.9602139,
                32.1865628
              ],
              [
                13.3700627,
                32.4008784
              ],
              [
                13.3632975,
                32.4071422
              ],
              [
                13.3595605,
                32.4103115
              ],
              [
                13.3553083,
                32.4129634
              ],
              [
                13.3537749,
                32.4139237
              ],
              [
                13.3381438,
                32.4203832
              ],
              [
                13.3275762,
                32.4215584
              ],
              [
                13.3203024,
                32.420102
              ],
              [
                13.3108571,
                32.4172657
              ],
              [
                13.2979011,
                32.4113354
              ],
              [
                13.2961933,
                32.4048263
              ],
              [
                13.3000246,
                32.3952508
              ],
              [
                13.3002625,
                32.3946303
              ],
              [
                13.3004362,
                32.3939947
              ],
              [
                13.3005444,
                32.3933487
              ],
              [
                13.3005864,
                32.3926972
              ],
              [
                13.3005617,
                32.3920451
              ],
              [
                13.3004707,
                32.3913972
              ],
              [
                13.3003139,
                32.3907584
              ],
              [
                13.3000925,
                32.3901336
              ],
              [
                13.2916768,
                32.3711793
              ],
              [
                13.2856222,
                32.3579636
              ],
              [
                13.2823321,
                32.3536563
              ],
              [
                13.2799319,
                32.3449205
              ],
              [
                13.2773297,
                32.3354479
              ],
              [
                13.2760092,
                32.3195489
              ],
              [
                13.2759127,
                32.3190276
              ],
              [
                13.2758689,
                32.3185012
              ]
            ]
          ]
        ]
      }
    },
    {
      "type": "Feature",
      "id": 75,
      "properties": {
        "id": 75,
        "slug": "derna",
        "name_ar": "درنة",
        "name_en": "Derna",
        "type": "municipality",
        "source": "openstreetmap-geofabrik",
        "source_id": "a4120345",
        "admin_level": 4
      },
      "geometry": {
        "type": "MultiPolygon",
        "coordinates": [
          [
            [
              [
                21.9177513,
                31.2820568
              ],
              [
                22.1125221,
                31.1199436
              ],
              [
                22.2589741,
                31.1452026
              ],
              [
                22.3359127,
                31.0867844
              ],
              [
                22.4565678,
                30.9928074
              ],
              [
                22.5118198,
                30.8935452
              ],
              [
                22.6192703,
                30.8290787
              ],
              [
                22.6893444,
                30.8169804
              ],
              [
                22.7898788,
                30.7916203
              ],
              [
                22.888752,
                30.7930603
              ],
              [
                22.968895,
                30.7994251
              ],
              [
                22.9687309,
                31.0062923
              ],
              [
                22.9556007,
                31.0807152
              ],
              [
                22.9565582,
                31.2333832
              ],
              [
                22.9853897,
                31.4036961
              ],
              [
                23.0714188,
                31.5122509
              ],
              [
                23.1052799,
                31.668375
              ],
              [
                23.1184673,
                31.8480644
              ],
              [
                23.1687889,
                32.0035172
              ],
              [
                23.2175999,
                32.122036
              ],
              [
                23.2466188,
                32.2141323
              ],
              [
                23.2746305,
                32.2375445
              ],
              [
                23.281964,
                32.2418935
              ],
              [
                23.4790821,
                32.3863821
              ],
              [
                23.4652928,
                32.4300339
              ],
              [
                23.4590228,
                32.4461806
              ],
              [
                23.4553071,
                32.4540458
              ],
              [
                23.4512633,
                32.4617136
              ],
              [
                23.4455175,
                32.4712233
              ],
              [
                23.4392986,
                32.480348
              ],
              [
                23.4069564,
                32.5239382
              ],
              [
                23.3856071,
                32.5534062
              ],
              [
                23.3747877,
                32.5682981
              ],
              [
                23.3630921,
                32.5824789
              ],
              [
                23.3650137,
                32.6095371
              ],
              [
                23.3651414,
                32.6160856
              ],
              [
                23.3648141,
                32.6244326
              ],
              [
                23.3635999,
                32.6373954
              ],
              [
                23.3620292,
                32.6461578
              ],
              [
                23.3602256,
                32.6550074
              ],
              [
                23.3576834,
                32.6642741
              ],
              [
                23.3546744,
                32.6733429
              ],
              [
                23.348237,
                32.6887928
              ],
              [
                23.3389937,
                32.7061649
              ],
              [
                23.3293411,
                32.7203653
              ],
              [
                23.3173184,
                32.7360706
              ],
              [
                23.3091545,
                32.7459077
              ],
              [
                23.3009747,
                32.7549371
              ],
              [
                23.2937779,
                32.7619606
              ],
              [
                23.2857068,
                32.7691215
              ],
              [
                23.276548,
                32.7764029
              ],
              [
                23.2700579,
                32.7811809
              ],
              [
                23.2633606,
                32.7857111
              ],
              [
                23.2613754,
                32.7866923
              ],
              [
                23.2561317,
                32.79025
              ],
              [
                23.2537837,
                32.792295
              ],
              [
                23.2466064,
                32.7969437
              ],
              [
                23.2394031,
                32.8012821
              ],
              [
                23.2298853,
                32.8065332
              ],
              [
                23.2200216,
                32.811431
              ],
              [
                23.2093999,
                32.8161142
              ],
              [
                23.1985925,
                32.8202744
              ],
              [
                23.1883652,
                32.8237097
              ],
              [
                23.1780352,
                32.8267713
              ],
              [
                23.1233128,
                32.8397782
              ],
              [
                23.111838,
                32.8436272
              ],
              [
                23.0982902,
                32.847443
              ],
              [
                23.0887137,
                32.8496936
              ],
              [
                23.0791804,
                32.8517096
              ],
              [
                23.0694943,
                32.8532307
              ],
              [
                23.0598389,
                32.8545072
              ],
              [
                23.0461083,
                32.8556864
              ],
              [
                23.042007,
                32.8558513
              ],
              [
                23.0250557,
                32.8577221
              ],
              [
                22.971367,
                32.8785012
              ],
              [
                22.9165129,
                32.8994081
              ],
              [
                22.8071432,
                32.9415103
              ],
              [
                22.5888345,
                33.0251976
              ],
              [
                22.5799452,
                33.0283818
              ],
              [
                22.5710648,
                33.0312824
              ],
              [
                22.5614911,
                33.0339526
              ],
              [
                22.5029582,
                33.049277
              ],
              [
                22.5,
                33.0500364
              ],
              [
                22.4462059,
                33.0638453
              ],
              [
                22.4447684,
                33.0645209
              ],
              [
                22.4346799,
                33.0668091
              ],
              [
                22.4245297,
                33.0686706
              ],
              [
                22.4128216,
                33.0704158
              ],
              [
                22.4010061,
                33.0716864
              ],
              [
                22.3674755,
                33.0745869
              ],
              [
                22.3575823,
                33.0752815
              ],
              [
                22.3545281,
                33.0754826
              ],
              [
                22.3462819,
                33.0763966
              ],
              [
                22.3400863,
                33.0769816
              ],
              [
                22.3342428,
                33.0776905
              ],
              [
                22.3324291,
                33.078773
              ],
              [
                22.3292223,
                33.0806375
              ],
              [
                22.3219469,
                33.0846405
              ],
              [
                22.3190454,
                33.0862764
              ],
              [
                22.317082,
                33.0877204
              ],
              [
                22.3082155,
                33.0932155
              ],
              [
                22.3015586,
                33.0969943
              ],
              [
                22.2947658,
                33.1006642
              ],
              [
                22.2805861,
                33.107248
              ],
              [
                22.2654306,
                33.113182
              ],
              [
                22.2572825,
                33.1160507
              ],
              [
                22.2535194,
                33.1175581
              ],
              [
                22.2498917,
                33.1191561
              ],
              [
                22.240212,
                33.1227562
              ],
              [
                22.2389467,
                33.1227745
              ],
              [
                22.2311368,
                33.1254054
              ],
              [
                22.2270901,
                33.1267847
              ],
              [
                22.222138,
                33.1282554
              ],
              [
                22.2131566,
                33.1306284
              ],
              [
                22.2034422,
                33.1328683
              ],
              [
                22.1937017,
                33.1347316
              ],
              [
                22.184212,
                33.1361931
              ],
              [
                22.1748689,
                33.1373447
              ],
              [
                22.1650908,
                33.1382208
              ],
              [
                22.1549794,
                33.1389514
              ],
              [
                22.1359269,
                33.1387463
              ],
              [
                22.123743,
                33.1380707
              ],
              [
                22.1189301,
                33.1377348
              ],
              [
                22.1116976,
                33.136965
              ],
              [
                22.103165,
                33.135836
              ],
              [
                22.0970872,
                33.1349706
              ],
              [
                22.0946907,
                33.1345609
              ],
              [
                22.090269,
                33.1343376
              ],
              [
                22.0738868,
                33.1322191
              ],
              [
                22.0580313,
                33.1295373
              ],
              [
                22.0385331,
                33.1247833
              ],
              [
                22.0178008,
                33.121166
              ],
              [
                21.9390899,
                33.1074243
              ],
              [
                21.9797586,
                32.9022132
              ],
              [
                21.9799595,
                32.9011985
              ],
              [
                21.9791434,
                32.878276
              ],
              [
                21.9777451,
                32.8389893
              ],
              [
                21.9694249,
                32.7573126
              ],
              [
                21.9693356,
                32.7564354
              ],
              [
                21.9940796,
                32.6823273
              ],
              [
                22.0249271,
                32.6264572
              ],
              [
                22.0332241,
                32.5526657
              ],
              [
                22.0203228,
                32.4977303
              ],
              [
                21.9903946,
                32.4247437
              ],
              [
                21.9768715,
                32.3513718
              ],
              [
                21.9766183,
                32.3509112
              ],
              [
                21.965829,
                32.3312806
              ],
              [
                21.9593658,
                32.319519
              ],
              [
                21.9780979,
                32.2315865
              ],
              [
                21.9804611,
                32.1439819
              ],
              [
                22.0044403,
                32.0512581
              ],
              [
                21.9987354,
                31.8899632
              ],
              [
                22.0005894,
                31.7884045
              ],
              [
                21.9912548,
                31.6778221
              ],
              [
                21.9675903,
                31.6229324
              ],
              [
                21.9673653,
                31.4612503
              ],
              [
                21.9485245,
                31.3877163
              ],
              [
                21.9177513,
                31.2820568
              ]
            ]
          ]
        ]
      }
    },
    {
      "type": "Feature",
      "id": 83,
      "properties": {
        "id": 83,
        "slug": "sabha",
        "name_ar": "سبها",
        "name_en": "Sabha",
        "type": "municipality",
        "source": "openstreetmap-geofabrik",
        "source_id": "a4120369",
        "admin_level": 4
      },
      "geometry": {
        "type": "MultiPolygon",
        "coordinates": [
          [
            [
              [
                13.932375,
                26.3482189
              ],
              [
                13.9344406,
                26.2469215
              ],
              [
                14.1330051,
                26.2677612
              ],
              [
                14.2474813,
                26.3074493
              ],
              [
                14.424387,
                26.3763103
              ],
              [
                14.5379486,
                26.4814301
              ],
              [
                14.6411772,
                26.5862846
              ],
              [
                14.7446918,
                26.6816883
              ],
              [
                14.8275995,
                26.7579556
              ],
              [
                14.9740295,
                26.807003
              ],
              [
                15.0997705,
                26.8369026
              ],
              [
                15.278018,
                26.87677
              ],
              [
                15.4670668,
                26.8978558
              ],
              [
                15.656085,
                26.9281139
              ],
              [
                15.7611027,
                26.9479618
              ],
              [
                16.2797146,
                27.0752277
              ],
              [
                16.2807236,
                27.0835037
              ],
              [
                16.2579517,
                27.1517658
              ],
              [
                16.1918831,
                27.1853809
              ],
              [
                16.1282272,
                27.2385483
              ],
              [
                16.0620728,
                27.2721004
              ],
              [
                16.0232449,
                27.3059196
              ],
              [
                15.991909,
                27.3838234
              ],
              [
                15.9631939,
                27.4666386
              ],
              [
                15.8678427,
                27.5951214
              ],
              [
                15.7948103,
                27.6920338
              ],
              [
                15.7958603,
                27.7212467
              ],
              [
                15.5641565,
                27.7411938
              ],
              [
                15.4166088,
                27.6927223
              ],
              [
                15.3534918,
                27.6638966
              ],
              [
                15.1740494,
                27.6428757
              ],
              [
                15.0684977,
                27.6320763
              ],
              [
                14.9213495,
                27.5738487
              ],
              [
                14.8490362,
                27.460516
              ],
              [
                14.7233896,
                27.393074
              ],
              [
                14.6187963,
                27.3352356
              ],
              [
                14.5248241,
                27.2775116
              ],
              [
                14.4836082,
                27.2206478
              ],
              [
                14.4211969,
                27.1727562
              ],
              [
                14.3160353,
                27.16152
              ],
              [
                13.9831467,
                27.1289635
              ],
              [
                14.0224504,
                27.0904293
              ],
              [
                14.0455408,
                26.9878616
              ],
              [
                14.1290752,
                26.9104291
              ],
              [
                14.1829125,
                26.8465414
              ],
              [
                14.1885988,
                26.8117879
              ],
              [
                14.1347237,
                26.7272453
              ],
              [
                14.1462955,
                26.6712322
              ],
              [
                14.0854969,
                26.5575695
              ],
              [
                13.9720068,
                26.4615631
              ],
              [
                13.932375,
                26.3482189
              ]
            ]
          ]
        ]
      }
    },
    {
      "type": "Feature",
      "id": 84,
      "properties": {
        "id": 84,
        "slug": "sirte",
        "name_ar": "سرت",
        "name_en": "Sirte",
        "type": "municipality",
        "source": "openstreetmap-geofabrik",
        "source_id": "a4120371",
        "admin_level": 4
      },
      "geometry": {
        "type": "MultiPolygon",
        "coordinates": [
          [
            [
              [
                14.5625408,
                30.4203266
              ],
              [
                14.6045152,
                30.397683
              ],
              [
                14.6471612,
                30.3238968
              ],
              [
                14.7153206,
                30.107778
              ],
              [
                14.7412997,
                30.0700558
              ],
              [
                14.6543878,
                29.970843
              ],
              [
                14.7510493,
                29.9191307
              ],
              [
                14.7929378,
                29.8966831
              ],
              [
                14.8360304,
                29.8735663
              ],
              [
                14.8541956,
                29.8620129
              ],
              [
                14.8998699,
                29.8392754
              ],
              [
                14.9758606,
                29.7753105
              ],
              [
                15.0519094,
                29.7020092
              ],
              [
                15.2025185,
                29.6575394
              ],
              [
                15.2991571,
                29.6401768
              ],
              [
                15.3851662,
                29.6133385
              ],
              [
                15.5029831,
                29.6147213
              ],
              [
                15.5675211,
                29.5875511
              ],
              [
                15.5999136,
                29.5600071
              ],
              [
                15.6650019,
                29.4676895
              ],
              [
                15.7405415,
                29.3940449
              ],
              [
                15.879715,
                29.3768005
              ],
              [
                15.9435415,
                29.4239197
              ],
              [
                16.0395126,
                29.4712906
              ],
              [
                16.1356544,
                29.5000019
              ],
              [
                16.2749748,
                29.4638748
              ],
              [
                16.3713951,
                29.4366512
              ],
              [
                16.4185619,
                29.4088631
              ],
              [
                16.4356556,
                29.4184761
              ],
              [
                16.5534058,
                29.3912964
              ],
              [
                16.7459011,
                29.4016438
              ],
              [
                16.8528233,
                29.4393559
              ],
              [
                16.9812088,
                29.4305668
              ],
              [
                17.088131,
                29.347187
              ],
              [
                17.2377567,
                29.3103657
              ],
              [
                17.3338928,
                29.2826443
              ],
              [
                17.4303036,
                29.3572464
              ],
              [
                17.5052834,
                29.3945522
              ],
              [
                17.5801525,
                29.3946056
              ],
              [
                17.6654129,
                29.3294907
              ],
              [
                17.6864376,
                29.2550316
              ],
              [
                17.7287083,
                29.1619301
              ],
              [
                17.8136616,
                29.0780754
              ],
              [
                17.8984585,
                28.9848499
              ],
              [
                17.9403934,
                28.8729877
              ],
              [
                17.9820747,
                28.7331123
              ],
              [
                18.0878468,
                28.6396713
              ],
              [
                18.225462,
                28.5553856
              ],
              [
                18.3846207,
                28.5175457
              ],
              [
                18.4992638,
                28.4846725
              ],
              [
                18.4992943,
                28.5021515
              ],
              [
                18.4999447,
                28.8760433
              ],
              [
                18.5136108,
                29.1647491
              ],
              [
                18.5799141,
                29.3692284
              ],
              [
                18.6992893,
                29.517477
              ],
              [
                18.7331886,
                29.6660748
              ],
              [
                18.7137451,
                29.8334808
              ],
              [
                18.7264767,
                30.0006199
              ],
              [
                18.7610836,
                30.1953888
              ],
              [
                18.7913988,
                30.3786687
              ],
              [
                18.7913041,
                30.383213
              ],
              [
                18.873743,
                30.5277965
              ],
              [
                19.3800697,
                31.4110716
              ],
              [
                18.6509231,
                32.7005389
              ],
              [
                18.6419427,
                32.7005389
              ],
              [
                18.6329623,
                32.7005389
              ],
              [
                18.6239819,
                32.7005389
              ],
              [
                18.6150014,
                32.7005389
              ],
              [
                18.606021,
                32.7005389
              ],
              [
                18.5970406,
                32.7005389
              ],
              [
                18.5880602,
                32.7005389
              ],
              [
                18.5790798,
                32.7005389
              ],
              [
                18.5700994,
                32.7005389
              ],
              [
                18.5611189,
                32.7005389
              ],
              [
                18.5521385,
                32.7005389
              ],
              [
                18.5431581,
                32.7005389
              ],
              [
                18.5341777,
                32.7005389
              ],
              [
                18.5251973,
                32.7005389
              ],
              [
                18.5162169,
                32.7005389
              ],
              [
                18.5072364,
                32.7005389
              ],
              [
                18.498256,
                32.7005389
              ],
              [
                18.4892756,
                32.7005389
              ],
              [
                18.4802952,
                32.7005389
              ],
              [
                18.4713148,
                32.7005389
              ],
              [
                18.4623344,
                32.7005389
              ],
              [
                18.4533539,
                32.7005389
              ],
              [
                18.4443735,
                32.7005389
              ],
              [
                18.4353931,
                32.7005389
              ],
              [
                18.4264127,
                32.7005389
              ],
              [
                18.4174323,
                32.7005389
              ],
              [
                18.4084519,
                32.7005389
              ],
              [
                18.3994714,
                32.7005389
              ],
              [
                18.390491,
                32.7005389
              ],
              [
                18.3815106,
                32.7005389
              ],
              [
                18.3725302,
                32.7005389
              ],
              [
                18.3635498,
                32.7005389
              ],
              [
                18.3545694,
                32.7005389
              ],
              [
                18.3455889,
                32.7005389
              ],
              [
                18.3366085,
                32.7005389
              ],
              [
                18.3276281,
                32.7005389
              ],
              [
                18.3186477,
                32.7005389
              ],
              [
                18.3096673,
                32.7005389
              ],
              [
                18.3006869,
                32.7005389
              ],
              [
                18.2917064,
                32.7005389
              ],
              [
                18.282726,
                32.7005389
              ],
              [
                18.2737456,
                32.7005389
              ],
              [
                18.2647652,
                32.7005389
              ],
              [
                18.2557848,
                32.7005389
              ],
              [
                18.2468044,
                32.7005389
              ],
              [
                18.2378239,
                32.7005389
              ],
              [
                18.2288435,
                32.7005389
              ],
              [
                18.2198631,
                32.7005389
              ],
              [
                18.2108827,
                32.7005389
              ],
              [
                18.2019023,
                32.7005389
              ],
              [
                18.1929219,
                32.7005389
              ],
              [
                18.1839414,
                32.7005389
              ],
              [
                18.174961,
                32.7005389
              ],
              [
                18.1659806,
                32.7005389
              ],
              [
                18.1570002,
                32.7005389
              ],
              [
                18.1480198,
                32.7005389
              ],
              [
                18.1390394,
                32.7005389
              ],
              [
                18.1300589,
                32.7005389
              ],
              [
                18.1210785,
                32.7005389
              ],
              [
                18.1120981,
                32.7005389
              ],
              [
                18.1031177,
                32.7005389
              ],
              [
                18.0941373,
                32.7005389
              ],
              [
                18.0851569,
                32.7005389
              ],
              [
                18.0761764,
                32.7005389
              ],
              [
                18.067196,
                32.7005389
              ],
              [
                18.0582156,
                32.7005389
              ],
              [
                18.0492352,
                32.7005389
              ],
              [
                18.0402548,
                32.7005389
              ],
              [
                18.0312744,
                32.7005389
              ],
              [
                18.022294,
                32.7005389
              ],
              [
                18.0133135,
                32.7005389
              ],
              [
                18.0043331,
                32.7005389
              ],
              [
                17.9953527,
                32.7005389
              ],
              [
                17.9863723,
                32.7005389
              ],
              [
                17.9773919,
                32.7005389
              ],
              [
                17.9684115,
                32.7005389
              ],
              [
                17.959431,
                32.7005389
              ],
              [
                17.9504506,
                32.7005389
              ],
              [
                17.9414702,
                32.7005389
              ],
              [
                17.9324898,
                32.7005389
              ],
              [
                17.9235094,
                32.7005389
              ],
              [
                17.914529,
                32.7005389
              ],
              [
                17.9055485,
                32.7005389
              ],
              [
                17.8965681,
                32.7005389
              ],
              [
                17.8875877,
                32.7005389
              ],
              [
                17.8786073,
                32.7005389
              ],
              [
                17.8696269,
                32.7005389
              ],
              [
                17.8606465,
                32.7005389
              ],
              [
                17.851666,
                32.7005389
              ],
              [
                17.8426856,
                32.7005389
              ],
              [
                17.8337052,
                32.7005389
              ],
              [
                17.8247248,
                32.7005389
              ],
              [
                17.8157444,
                32.7005389
              ],
              [
                17.806764,
                32.7005389
              ],
              [
                17.7977835,
                32.7005389
              ],
              [
                17.7888031,
                32.7005389
              ],
              [
                17.7811951,
                32.7004432
              ],
              [
                17.7798206,
                32.7004623
              ],
              [
                17.7760249,
                32.7005149
              ],
              [
                17.7708423,
                32.7005389
              ],
              [
                17.7656596,
                32.7005149
              ],
              [
                17.761864,
                32.7004623
              ],
              [
                17.7604895,
                32.7004432
              ],
              [
                17.7528815,
                32.7005389
              ],
              [
                17.743901,
                32.7005389
              ],
              [
                17.7349206,
                32.7005389
              ],
              [
                17.7259402,
                32.7005389
              ],
              [
                17.7169598,
                32.7005389
              ],
              [
                17.7079794,
                32.7005389
              ],
              [
                17.698999,
                32.7005389
              ],
              [
                17.6900185,
                32.7005389
              ],
              [
                17.6810381,
                32.7005389
              ],
              [
                17.6720577,
                32.7005389
              ],
              [
                17.6630773,
                32.7005389
              ],
              [
                17.6540969,
                32.7005389
              ],
              [
                17.6451165,
                32.7005389
              ],
              [
                17.636136,
                32.7005389
              ],
              [
                17.6271556,
                32.7005389
              ],
              [
                17.6181752,
                32.7005389
              ],
              [
                17.6091948,
                32.7005389
              ],
              [
                17.6002144,
                32.7005389
              ],
              [
                17.591234,
                32.7005389
              ],
              [
                17.5822535,
                32.7005389
              ],
              [
                17.5732731,
                32.7005389
              ],
              [
                17.5642927,
                32.7005389
              ],
              [
                17.5553123,
                32.7005389
              ],
              [
                17.5463319,
                32.7005389
              ],
              [
                17.5373515,
                32.7005389
              ],
              [
                17.528371,
                32.7005389
              ],
              [
                17.5193906,
                32.7005389
              ],
              [
                17.5104102,
                32.7005389
              ],
              [
                17.5014298,
                32.7005389
              ],
              [
                17.4924494,
                32.7005389
              ],
              [
                17.483469,
                32.7005389
              ],
              [
                17.4744885,
                32.7005389
              ],
              [
                17.4655081,
                32.7005389
              ],
              [
                17.4565277,
                32.7005389
              ],
              [
                17.4475473,
                32.7005389
              ],
              [
                17.4385669,
                32.7005389
              ],
              [
                17.4295865,
                32.7005389
              ],
              [
                17.420606,
                32.7005389
              ],
              [
                17.4116256,
                32.7005389
              ],
              [
                17.4026452,
                32.7005389
              ],
              [
                17.3936648,
                32.7005389
              ],
              [
                17.3846844,
                32.7005389
              ],
              [
                17.375704,
                32.7005389
              ],
              [
                17.3667236,
                32.7005389
              ],
              [
                17.3577431,
                32.7005389
              ],
              [
                17.3487627,
                32.7005389
              ],
              [
                17.3397823,
                32.7005389
              ],
              [
                17.3308019,
                32.7005389
              ],
              [
                17.3218215,
                32.7005389
              ],
              [
                17.3128411,
                32.7005389
              ],
              [
                17.3043355,
                32.7005389
              ],
              [
                15.8219767,
                31.5474207
              ],
              [
                15.6802865,
                31.4364407
              ],
              [
                15.6798334,
                31.4361469
              ],
              [
                15.6797216,
                31.4361019
              ],
              [
                15.679722,
                31.4361011
              ],
              [
                15.6719868,
                31.4332064
              ],
              [
                15.6717658,
                31.4331238
              ],
              [
                15.6003853,
                31.4063805
              ],
              [
                15.5784761,
                31.3958099
              ],
              [
                15.5604452,
                31.3871096
              ],
              [
                15.559939,
                31.3868652
              ],
              [
                15.5400787,
                31.3772748
              ],
              [
                15.4428628,
                31.3620478
              ],
              [
                15.318758,
                31.3654813
              ],
              [
                15.2694122,
                31.3278861
              ],
              [
                15.1539095,
                31.3182669
              ],
              [
                15.0899526,
                31.3114012
              ],
              [
                15.0899155,
                31.3113973
              ],
              [
                15.0821657,
                31.3105631
              ],
              [
                15.0912005,
                31.2793481
              ],
              [
                15.0823202,
                31.2460266
              ],
              [
                15.0593564,
                31.2191096
              ],
              [
                15.0083778,
                31.2026454
              ],
              [
                14.983458,
                31.1638721
              ],
              [
                14.9712405,
                31.0974803
              ],
              [
                14.9460052,
                31.0210774
              ],
              [
                14.8836335,
                30.9711311
              ],
              [
                14.8087872,
                30.9464188
              ],
              [
                14.7184339,
                30.9091636
              ],
              [
                14.6535471,
                30.8589989
              ],
              [
                14.6002144,
                30.7999774
              ],
              [
                14.5944746,
                30.7221453
              ],
              [
                14.5981004,
                30.6259754
              ],
              [
                14.5942859,
                30.5599891
              ],
              [
                14.5903596,
                30.5436943
              ],
              [
                14.5625408,
                30.4203266
              ]
            ]
          ]
        ]
      }
    },
    {
      "type": "Feature",
      "id": 99,
      "properties": {
        "id": 99,
        "slug": "ghat",
        "name_ar": "غات",
        "name_en": "Ghat",
        "type": "municipality",
        "source": "openstreetmap-geofabrik",
        "source_id": "a4120347",
        "admin_level": 4
      },
      "geometry": {
        "type": "MultiPolygon",
        "coordinates": [
          [
            [
              [
                9.398983,
                26.195638
              ],
              [
                9.537615,
                26.002676
              ],
              [
                9.7511884,
                25.724909
              ],
              [
                9.9806006,
                25.4265425
              ],
              [
                10.032093,
                25.359573
              ],
              [
                10.035767,
                25.154296
              ],
              [
                10.0357609,
                25.1534172
              ],
              [
                10.0363417,
                25.0792511
              ],
              [
                10.0366333,
                25.042147
              ],
              [
                10.0364654,
                25.0049592
              ],
              [
                10.0364146,
                24.9954024
              ],
              [
                10.0363691,
                24.9919307
              ],
              [
                10.0370183,
                24.9801731
              ],
              [
                10.037244,
                24.9755116
              ],
              [
                10.0377723,
                24.9656335
              ],
              [
                10.04187,
                24.958242
              ],
              [
                10.047898,
                24.951825
              ],
              [
                10.05345,
                24.945695
              ],
              [
                10.060657,
                24.938246
              ],
              [
                10.064698,
                24.931313
              ],
              [
                10.06806,
                24.922778
              ],
              [
                10.073052,
                24.916131
              ],
              [
                10.078541,
                24.910002
              ],
              [
                10.083973,
                24.903872
              ],
              [
                10.089272,
                24.896481
              ],
              [
                10.094155,
                24.888803
              ],
              [
                10.097741,
                24.881242
              ],
              [
                10.100233,
                24.872876
              ],
              [
                10.102171,
                24.864685
              ],
              [
                10.103294,
                24.859069
              ],
              [
                10.103866,
                24.851736
              ],
              [
                10.105803,
                24.845892
              ],
              [
                10.109905,
                24.840048
              ],
              [
                10.113051,
                24.836552
              ],
              [
                10.117395,
                24.832086
              ],
              [
                10.121727,
                24.827903
              ],
              [
                10.125525,
                24.823833
              ],
              [
                10.129535,
                24.819768
              ],
              [
                10.133351,
                24.815928
              ],
              [
                10.13687,
                24.811974
              ],
              [
                10.140337,
                24.806761
              ],
              [
                10.143557,
                24.800861
              ],
              [
                10.148989,
                24.791349
              ],
              [
                10.153131,
                24.784131
              ],
              [
                10.1537614,
                24.7827444
              ],
              [
                10.156517,
                24.776683
              ],
              [
                10.159767,
                24.769291
              ],
              [
                10.163824,
                24.759495
              ],
              [
                10.166059,
                24.754054
              ],
              [
                10.16933,
                24.749526
              ],
              [
                10.171571,
                24.745
              ],
              [
                10.172441,
                24.742252
              ],
              [
                10.174807,
                24.734516
              ],
              [
                10.177173,
                24.726325
              ],
              [
                10.180784,
                24.719678
              ],
              [
                10.187111,
                24.715266
              ],
              [
                10.19327,
                24.707991
              ],
              [
                10.197922,
                24.701115
              ],
              [
                10.197658,
                24.695672
              ],
              [
                10.1961,
                24.687537
              ],
              [
                10.197418,
                24.682438
              ],
              [
                10.202912,
                24.676363
              ],
              [
                10.207291,
                24.669605
              ],
              [
                10.211777,
                24.659751
              ],
              [
                10.213674,
                24.654307
              ],
              [
                10.216372,
                24.650641
              ],
              [
                10.221642,
                24.648407
              ],
              [
                10.226753,
                24.646229
              ],
              [
                10.231715,
                24.642904
              ],
              [
                10.23787,
                24.637635
              ],
              [
                10.245457,
                24.633453
              ],
              [
                10.251999,
                24.62967
              ],
              [
                10.258056,
                24.627494
              ],
              [
                10.26358,
                24.626922
              ],
              [
                10.266107,
                24.623656
              ],
              [
                10.269734,
                24.619705
              ],
              [
                10.274993,
                24.617125
              ],
              [
                10.279411,
                24.612713
              ],
              [
                10.282614,
                24.608474
              ],
              [
                10.286207,
                24.602687
              ],
              [
                10.28937,
                24.599994
              ],
              [
                10.293542,
                24.599363
              ],
              [
                10.30257,
                24.599078
              ],
              [
                10.307527,
                24.59392
              ],
              [
                10.311292,
                24.58968
              ],
              [
                10.316489,
                24.583035
              ],
              [
                10.321732,
                24.576047
              ],
              [
                10.326854,
                24.569515
              ],
              [
                10.333157,
                24.56453
              ],
              [
                10.340772,
                24.559718
              ],
              [
                10.344846,
                24.555478
              ],
              [
                10.348295,
                24.550092
              ],
              [
                10.352987,
                24.54253
              ],
              [
                10.356677,
                24.536972
              ],
              [
                10.359606,
                24.537088
              ],
              [
                10.373104,
                24.537031
              ],
              [
                10.383045,
                24.53726
              ],
              [
                10.392585,
                24.537318
              ],
              [
                10.398763,
                24.537261
              ],
              [
                10.40172,
                24.536171
              ],
              [
                10.406882,
                24.533652
              ],
              [
                10.412261,
                24.531874
              ],
              [
                10.415745,
                24.531874
              ],
              [
                10.42591,
                24.532448
              ],
              [
                10.434385,
                24.532906
              ],
              [
                10.44326,
                24.533478
              ],
              [
                10.449745,
                24.533194
              ],
              [
                10.456325,
                24.533652
              ],
              [
                10.464753,
                24.53686
              ],
              [
                10.470403,
                24.539437
              ],
              [
                10.479185,
                24.542647
              ],
              [
                10.485375,
                24.543621
              ],
              [
                10.491259,
                24.542189
              ],
              [
                10.499825,
                24.54024
              ],
              [
                10.508683,
                24.538922
              ],
              [
                10.518218,
                24.538748
              ],
              [
                10.527183,
                24.538407
              ],
              [
                10.533664,
                24.537318
              ],
              [
                10.536798,
                24.536229
              ],
              [
                10.542053,
                24.533993
              ],
              [
                10.545496,
                24.533881
              ],
              [
                10.551233,
                24.535197
              ],
              [
                10.556744,
                24.537434
              ],
              [
                10.56288,
                24.539437
              ],
              [
                10.568192,
                24.541499
              ],
              [
                10.573453,
                24.542876
              ],
              [
                10.577097,
                24.542876
              ],
              [
                10.582396,
                24.539153
              ],
              [
                10.588023,
                24.541327
              ],
              [
                10.586876,
                24.546256
              ],
              [
                10.587124,
                24.5517
              ],
              [
                10.591037,
                24.556282
              ],
              [
                10.596664,
                24.558402
              ],
              [
                10.601722,
                24.560808
              ],
              [
                10.606324,
                24.564935
              ],
              [
                10.609922,
                24.56946
              ],
              [
                10.61473,
                24.573582
              ],
              [
                10.620419,
                24.572895
              ],
              [
                10.625214,
                24.57009
              ],
              [
                10.629834,
                24.567226
              ],
              [
                10.633685,
                24.566423
              ],
              [
                10.636304,
                24.568255
              ],
              [
                10.638836,
                24.569916
              ],
              [
                10.641522,
                24.570776
              ],
              [
                10.64433,
                24.570547
              ],
              [
                10.6455925,
                24.5702289
              ],
              [
                10.6468041,
                24.5699236
              ],
              [
                10.650232,
                24.56906
              ],
              [
                10.653635,
                24.569172
              ],
              [
                10.657124,
                24.569401
              ],
              [
                10.66204,
                24.569916
              ],
              [
                10.6630443,
                24.5704608
              ],
              [
                10.665845,
                24.57198
              ],
              [
                10.667822,
                24.571692
              ],
              [
                10.670675,
                24.571463
              ],
              [
                10.6753337,
                24.5712617
              ],
              [
                10.675975,
                24.571234
              ],
              [
                10.681837,
                24.571522
              ],
              [
                10.687818,
                24.571751
              ],
              [
                10.6919731,
                24.5721946
              ],
              [
                10.693709,
                24.57238
              ],
              [
                10.699892,
                24.572783
              ],
              [
                10.706074,
                24.573067
              ],
              [
                10.71193,
                24.572611
              ],
              [
                10.717086,
                24.57175
              ],
              [
                10.720078,
                24.570608
              ],
              [
                10.72226,
                24.569404
              ],
              [
                10.724674,
                24.567626
              ],
              [
                10.728946,
                24.565908
              ],
              [
                10.726884,
                24.562643
              ],
              [
                10.727263,
                24.561611
              ],
              [
                10.729286,
                24.555708
              ],
              [
                10.731302,
                24.55107
              ],
              [
                10.733314,
                24.547459
              ],
              [
                10.73682,
                24.543105
              ],
              [
                10.739437,
                24.539094
              ],
              [
                10.74098,
                24.537378
              ],
              [
                10.745919,
                24.533767
              ],
              [
                10.751283,
                24.530845
              ],
              [
                10.755556,
                24.527923
              ],
              [
                10.757883,
                24.525689
              ],
              [
                10.759698,
                24.523739
              ],
              [
                10.761876,
                24.520934
              ],
              [
                10.763057,
                24.518813
              ],
              [
                10.764483,
                24.51595
              ],
              [
                10.766643,
                24.510391
              ],
              [
                10.77049,
                24.512396
              ],
              [
                10.77517,
                24.514744
              ],
              [
                10.779003,
                24.517211
              ],
              [
                10.782343,
                24.519845
              ],
              [
                10.786343,
                24.521391
              ],
              [
                10.792164,
                24.522997
              ],
              [
                10.797549,
                24.525918
              ],
              [
                10.799887,
                24.527808
              ],
              [
                10.794548,
                24.532392
              ],
              [
                10.793269,
                24.53852
              ],
              [
                10.793069,
                24.544252
              ],
              [
                10.797326,
                24.548661
              ],
              [
                10.803469,
                24.553532
              ],
              [
                10.810368,
                24.559834
              ],
              [
                10.815651,
                24.564018
              ],
              [
                10.821002,
                24.567455
              ],
              [
                10.826892,
                24.569803
              ],
              [
                10.833321,
                24.570608
              ],
              [
                10.839887,
                24.57026
              ],
              [
                10.847256,
                24.568887
              ],
              [
                10.85267,
                24.566883
              ],
              [
                10.858286,
                24.563902
              ],
              [
                10.863655,
                24.561326
              ],
              [
                10.868364,
                24.55955
              ],
              [
                10.874054,
                24.557429
              ],
              [
                10.880712,
                24.555251
              ],
              [
                10.887084,
                24.555193
              ],
              [
                10.893249,
                24.555708
              ],
              [
                10.896418,
                24.556054
              ],
              [
                10.899041,
                24.555136
              ],
              [
                10.902657,
                24.553475
              ],
              [
                10.909108,
                24.550726
              ],
              [
                10.917411,
                24.547002
              ],
              [
                10.923663,
                24.544424
              ],
              [
                10.932515,
                24.540529
              ],
              [
                10.941596,
                24.536461
              ],
              [
                10.949659,
                24.532734
              ],
              [
                10.95234,
                24.531018
              ],
              [
                10.954403,
                24.528611
              ],
              [
                10.956574,
                24.525574
              ],
              [
                10.960104,
                24.520647
              ],
              [
                10.964132,
                24.514862
              ],
              [
                10.968229,
                24.509533
              ],
              [
                10.973729,
                24.501969
              ],
              [
                10.977471,
                24.496756
              ],
              [
                10.981545,
                24.491199
              ],
              [
                10.9861,
                24.48633
              ],
              [
                10.991044,
                24.482548
              ],
              [
                10.996534,
                24.47911
              ],
              [
                10.998866,
                24.477736
              ],
              [
                11.000522,
                24.476189
              ],
              [
                11.005742,
                24.473668
              ],
              [
                11.010572,
                24.470343
              ],
              [
                11.017694,
                24.464329
              ],
              [
                11.02441,
                24.458027
              ],
              [
                11.030942,
                24.451094
              ],
              [
                11.035812,
                24.442099
              ],
              [
                11.039794,
                24.434252
              ],
              [
                11.044819,
                24.429783
              ],
              [
                11.052326,
                24.424683
              ],
              [
                11.058503,
                24.423708
              ],
              [
                11.065625,
                24.422678
              ],
              [
                11.069372,
                24.419927
              ],
              [
                11.072901,
                24.414542
              ],
              [
                11.07772,
                24.410991
              ],
              [
                11.080986,
                24.410075
              ],
              [
                11.090049,
                24.409156
              ],
              [
                11.09649,
                24.407668
              ],
              [
                11.105,
                24.40469
              ],
              [
                11.113096,
                24.401823
              ],
              [
                11.11883,
                24.399818
              ],
              [
                11.12436,
                24.397985
              ],
              [
                11.1297,
                24.396036
              ],
              [
                11.133173,
                24.394434
              ],
              [
                11.135854,
                24.392829
              ],
              [
                11.138312,
                24.39111
              ],
              [
                11.422523,
                24.200501
              ],
              [
                11.4253181,
                24.2020882
              ],
              [
                11.430189,
                24.204854
              ],
              [
                11.4657736,
                24.3118629
              ],
              [
                11.4809904,
                24.4630413
              ],
              [
                11.4555225,
                24.5939674
              ],
              [
                11.3339911,
                24.796833
              ],
              [
                11.3373518,
                24.985136
              ],
              [
                11.3400183,
                25.1921654
              ],
              [
                11.3326406,
                25.3893738
              ],
              [
                11.3995533,
                25.5514812
              ],
              [
                11.3089932,
                25.7736084
              ],
              [
                11.2904897,
                25.9596944
              ],
              [
                11.3747358,
                26.217514
              ],
              [
                11.3589935,
                26.3577538
              ],
              [
                11.3226175,
                26.4878635
              ],
              [
                11.2601728,
                26.7483177
              ],
              [
                11.2207174,
                26.9531822
              ],
              [
                11.194232,
                27.0928192
              ],
              [
                11.1640282,
                27.3259315
              ],
              [
                11.1068926,
                27.4362812
              ],
              [
                11.0202713,
                27.4893723
              ],
              [
                10.8917618,
                27.5315418
              ],
              [
                10.6576366,
                27.5696697
              ],
              [
                10.4652042,
                27.6184826
              ],
              [
                10.272646,
                27.6670914
              ],
              [
                10.0786514,
                27.743515
              ],
              [
                9.9449826,
                27.8121177
              ],
              [
                9.945715,
                27.799654
              ],
              [
                9.939498,
                27.775133
              ],
              [
                9.94045,
                27.752044
              ],
              [
                9.942353,
                27.73245
              ],
              [
                9.925168,
                27.698416
              ],
              [
                9.924022,
                27.679511
              ],
              [
                9.923129,
                27.677962
              ],
              [
                9.9026,
                27.639693
              ],
              [
                9.900664,
                27.636771
              ],
              [
                9.899064,
                27.633391
              ],
              [
                9.897191,
                27.628695
              ],
              [
                9.895202,
                27.624968
              ],
              [
                9.893668,
                27.622046
              ],
              [
                9.892081,
                27.617465
              ],
              [
                9.890052,
                27.613567
              ],
              [
                9.888631,
                27.609153
              ],
              [
                9.886819,
                27.606979
              ],
              [
                9.883319,
                27.604688
              ],
              [
                9.880002,
                27.602737
              ],
              [
                9.877778,
                27.600046
              ],
              [
                9.874301,
                27.598156
              ],
              [
                9.871063,
                27.596037
              ],
              [
                9.868702,
                27.593743
              ],
              [
                9.866474,
                27.590193
              ],
              [
                9.865872,
                27.586354
              ],
              [
                9.864015,
                27.585894
              ],
              [
                9.8591,
                27.585036
              ],
              [
                9.852349,
                27.583775
              ],
              [
                9.846866,
                27.583031
              ],
              [
                9.840666,
                27.582226
              ],
              [
                9.83559,
                27.581597
              ],
              [
                9.831288,
                27.58091
              ],
              [
                9.826601,
                27.580223
              ],
              [
                9.822051,
                27.579361
              ],
              [
                9.819186,
                27.577417
              ],
              [
                9.817249,
                27.574722
              ],
              [
                9.816291,
                27.571916
              ],
              [
                9.816103,
                27.569108
              ],
              [
                9.817014,
                27.565614
              ],
              [
                9.819953,
                27.56418
              ],
              [
                9.824029,
                27.561776
              ],
              [
                9.828548,
                27.561604
              ],
              [
                9.877991,
                27.562405
              ],
              [
                9.874398,
                27.556504
              ],
              [
                9.872851,
                27.554097
              ],
              [
                9.871281,
                27.551348
              ],
              [
                9.869174,
                27.547567
              ],
              [
                9.866864,
                27.543613
              ],
              [
                9.865768,
                27.539258
              ],
              [
                9.866124,
                27.53565
              ],
              [
                9.866766,
                27.53244
              ],
              [
                9.86758,
                27.529347
              ],
              [
                9.868198,
                27.52316
              ],
              [
                9.868199,
                27.518404
              ],
              [
                9.867419,
                27.515023
              ],
              [
                9.866062,
                27.510727
              ],
              [
                9.8642,
                27.507118
              ],
              [
                9.862791,
                27.504425
              ],
              [
                9.855892,
                27.501331
              ],
              [
                9.850913,
                27.500185
              ],
              [
                9.845893,
                27.498409
              ],
              [
                9.841624,
                27.496233
              ],
              [
                9.837821,
                27.493998
              ],
              [
                9.833654,
                27.492222
              ],
              [
                9.83005,
                27.489356
              ],
              [
                9.827237,
                27.485861
              ],
              [
                9.82545,
                27.48128
              ],
              [
                9.8242,
                27.477381
              ],
              [
                9.822877,
                27.474748
              ],
              [
                9.820528,
                27.47108
              ],
              [
                9.817847,
                27.468502
              ],
              [
                9.81529,
                27.464662
              ],
              [
                9.813447,
                27.462886
              ],
              [
                9.813491,
                27.458189
              ],
              [
                9.814992,
                27.454924
              ],
              [
                9.816167,
                27.451602
              ],
              [
                9.817131,
                27.449712
              ],
              [
                9.816322,
                27.448451
              ],
              [
                9.813966,
                27.445985
              ],
              [
                9.810731,
                27.440487
              ],
              [
                9.809693,
                27.437738
              ],
              [
                9.809251,
                27.435674
              ],
              [
                9.809178,
                27.431663
              ],
              [
                9.809458,
                27.428226
              ],
              [
                9.809945,
                27.422898
              ],
              [
                9.810369,
                27.420031
              ],
              [
                9.808334,
                27.417569
              ],
              [
                9.80551,
                27.41459
              ],
              [
                9.803796,
                27.411612
              ],
              [
                9.801413,
                27.408517
              ],
              [
                9.798949,
                27.40485
              ],
              [
                9.796658,
                27.400555
              ],
              [
                9.79448,
                27.39517
              ],
              [
                9.793276,
                27.3915
              ],
              [
                9.792244,
                27.387376
              ],
              [
                9.79181,
                27.383365
              ],
              [
                9.791012,
                27.379872
              ],
              [
                9.788951,
                27.375976
              ],
              [
                9.787621,
                27.372365
              ],
              [
                9.786727,
                27.369902
              ],
              [
                9.785656,
                27.365488
              ],
              [
                9.783926,
                27.35363
              ],
              [
                9.794664,
                27.354664
              ],
              [
                9.793856,
                27.350192
              ],
              [
                9.793639,
                27.345668
              ],
              [
                9.79306,
                27.341542
              ],
              [
                9.792338,
                27.337188
              ],
              [
                9.791851,
                27.332375
              ],
              [
                9.791134,
                27.328651
              ],
              [
                9.790534,
                27.323956
              ],
              [
                9.789267,
                27.320515
              ],
              [
                9.787731,
                27.316791
              ],
              [
                9.786563,
                27.31215
              ],
              [
                9.785262,
                27.30648
              ],
              [
                9.784591,
                27.300978
              ],
              [
                9.784082,
                27.295765
              ],
              [
                9.783824,
                27.288431
              ],
              [
                9.783354,
                27.285395
              ],
              [
                9.783079,
                27.278348
              ],
              [
                9.782535,
                27.275655
              ],
              [
                9.783085,
                27.273191
              ],
              [
                9.7830706,
                27.2723042
              ],
              [
                9.783044,
                27.270671
              ],
              [
                9.781991,
                27.265974
              ],
              [
                9.782025,
                27.26162
              ],
              [
                9.7823,
                27.258353
              ],
              [
                9.782495,
                27.256579
              ],
              [
                9.784413,
                27.250276
              ],
              [
                9.78627,
                27.246209
              ],
              [
                9.787513,
                27.244146
              ],
              [
                9.788877,
                27.241224
              ],
              [
                9.790327,
                27.237327
              ],
              [
                9.791462,
                27.234062
              ],
              [
                9.792251,
                27.231198
              ],
              [
                9.792303,
                27.227415
              ],
              [
                9.792671,
                27.222605
              ],
              [
                9.792711,
                27.219509
              ],
              [
                9.793214,
                27.216529
              ],
              [
                9.794057,
                27.212518
              ],
              [
                9.794361,
                27.209371
              ],
              [
                9.794389,
                27.205243
              ],
              [
                9.79463,
                27.201921
              ],
              [
                9.795151,
                27.198597
              ],
              [
                9.7958,
                27.19562
              ],
              [
                9.796688,
                27.192009
              ],
              [
                9.797037,
                27.190117
              ],
              [
                9.797633,
                27.185763
              ],
              [
                9.798298,
                27.182327
              ],
              [
                9.798057,
                27.179979
              ],
              [
                9.79749,
                27.177513
              ],
              [
                9.797771,
                27.174478
              ],
              [
                9.798236,
                27.173963
              ],
              [
                9.799908,
                27.170009
              ],
              [
                9.801655,
                27.167833
              ],
              [
                9.804124,
                27.164509
              ],
              [
                9.806359,
                27.162102
              ],
              [
                9.808628,
                27.158663
              ],
              [
                9.810193,
                27.156258
              ],
              [
                9.812634,
                27.154713
              ],
              [
                9.815475,
                27.152247
              ],
              [
                9.817848,
                27.149612
              ],
              [
                9.817911,
                27.146692
              ],
              [
                9.817487,
                27.144687
              ],
              [
                9.816616,
                27.141994
              ],
              [
                9.816857,
                27.138841
              ],
              [
                9.817487,
                27.136837
              ],
              [
                9.819075,
                27.134487
              ],
              [
                9.820707,
                27.133343
              ],
              [
                9.822673,
                27.13025
              ],
              [
                9.822431,
                27.127957
              ],
              [
                9.822093,
                27.126181
              ],
              [
                9.822374,
                27.12366
              ],
              [
                9.822947,
                27.121426
              ],
              [
                9.823938,
                27.118617
              ],
              [
                9.825663,
                27.113634
              ],
              [
                9.827124,
                27.111227
              ],
              [
                9.82819,
                27.109506
              ],
              [
                9.828877,
                27.107275
              ],
              [
                9.828837,
                27.104179
              ],
              [
                9.829565,
                27.101888
              ],
              [
                9.830626,
                27.099597
              ],
              [
                9.831616,
                27.096732
              ],
              [
                9.832189,
                27.095071
              ],
              [
                9.832349,
                27.091977
              ],
              [
                9.832434,
                27.090201
              ],
              [
                9.833106,
                27.087739
              ],
              [
                9.833822,
                27.085789
              ],
              [
                9.833563,
                27.081321
              ],
              [
                9.832877,
                27.079372
              ],
              [
                9.8311,
                27.074503
              ],
              [
                9.831805,
                27.071638
              ],
              [
                9.832618,
                27.069462
              ],
              [
                9.83329,
                27.067283
              ],
              [
                9.834086,
                27.065394
              ],
              [
                9.836183,
                27.061097
              ],
              [
                9.837392,
                27.058003
              ],
              [
                9.837944,
                27.055253
              ],
              [
                9.838235,
                27.053935
              ],
              [
                9.838212,
                27.05107
              ],
              [
                9.837948,
                27.048321
              ],
              [
                9.837788,
                27.045856
              ],
              [
                9.84868,
                27.003803
              ],
              [
                9.848084,
                27.002314
              ],
              [
                9.848193,
                26.997903
              ],
              [
                9.849311,
                26.993548
              ],
              [
                9.849929,
                26.990397
              ],
              [
                9.850926,
                26.986615
              ],
              [
                9.85339,
                26.981573
              ],
              [
                9.855024,
                26.978424
              ],
              [
                9.855373,
                26.974356
              ],
              [
                9.855355,
                26.970001
              ],
              [
                9.855636,
                26.965303
              ],
              [
                9.856725,
                26.960204
              ],
              [
                9.857247,
                26.957454
              ],
              [
                9.858083,
                26.953616
              ],
              [
                9.859012,
                26.950809
              ],
              [
                9.860289,
                26.94651
              ],
              [
                9.862311,
                26.942328
              ],
              [
                9.864786,
                26.938488
              ],
              [
                9.867657,
                26.93385
              ],
              [
                9.869027,
                26.931615
              ],
              [
                9.871171,
                26.928981
              ],
              [
                9.874024,
                26.924911
              ],
              [
                9.875782,
                26.922734
              ],
              [
                9.878395,
                26.918897
              ],
              [
                9.881421,
                26.913971
              ],
              [
                9.883294,
                26.910935
              ],
              [
                9.884893,
                26.908985
              ],
              [
                9.886995,
                26.906924
              ],
              [
                9.888387,
                26.904516
              ],
              [
                9.890124,
                26.902168
              ],
              [
                9.892249,
                26.900449
              ],
              [
                9.895081,
                26.898614
              ],
              [
                9.896032,
                26.896724
              ],
              [
                9.896124,
                26.893113
              ],
              [
                9.896284,
                26.890764
              ],
              [
                9.897459,
                26.888704
              ],
              [
                9.900176,
                26.885266
              ],
              [
                9.902821,
                26.881312
              ],
              [
                9.904368,
                26.878163
              ],
              [
                9.906505,
                26.875067
              ],
              [
                9.90917,
                26.873122
              ],
              [
                9.912464,
                26.870999
              ],
              [
                9.915438,
                26.869283
              ],
              [
                9.918505,
                26.86699
              ],
              [
                9.919919,
                26.864698
              ],
              [
                9.922383,
                26.862579
              ],
              [
                9.925362,
                26.861947
              ],
              [
                9.902106,
                26.74318
              ],
              [
                9.913332,
                26.646871
              ],
              [
                9.863299,
                26.519911
              ],
              [
                9.7623255,
                26.4811215
              ],
              [
                9.512373,
                26.385101
              ],
              [
                9.510484,
                26.380289
              ],
              [
                9.507533,
                26.373587
              ],
              [
                9.505052,
                26.368087
              ],
              [
                9.503,
                26.364306
              ],
              [
                9.501064,
                26.359893
              ],
              [
                9.499195,
                26.355366
              ],
              [
                9.496955,
                26.349867
              ],
              [
                9.494801,
                26.345512
              ],
              [
                9.489902,
                26.334742
              ],
              [
                9.488544,
                26.332166
              ],
              [
                9.486613,
                26.327809
              ],
              [
                9.484744,
                26.324603
              ],
              [
                9.48247,
                26.319561
              ],
              [
                9.479995,
                26.314861
              ],
              [
                9.476826,
                26.307814
              ],
              [
                9.474408,
                26.303403
              ],
              [
                9.471332,
                26.298646
              ],
              [
                9.468725,
                26.294639
              ],
              [
                9.466519,
                26.292115
              ],
              [
                9.464657,
                26.288967
              ],
              [
                9.463105,
                26.28381
              ],
              [
                9.462068,
                26.281059
              ],
              [
                9.461609,
                26.278139
              ],
              [
                9.460544,
                26.273096
              ],
              [
                9.459604,
                26.269946
              ],
              [
                9.459178,
                26.265246
              ],
              [
                9.458578,
                26.261235
              ],
              [
                9.457592,
                26.257455
              ],
              [
                9.455908,
                26.25333
              ],
              [
                9.454086,
                26.250465
              ],
              [
                9.451943,
                26.248001
              ],
              [
                9.449507,
                26.245882
              ],
              [
                9.447158,
                26.242844
              ],
              [
                9.444178,
                26.24061
              ],
              [
                9.441113,
                26.237575
              ],
              [
                9.437177,
                26.233678
              ],
              [
                9.434392,
                26.230586
              ],
              [
                9.43072,
                26.226689
              ],
              [
                9.427677,
                26.224282
              ],
              [
                9.42389,
                26.220729
              ],
              [
                9.420784,
                26.218096
              ],
              [
                9.4182,
                26.214714
              ],
              [
                9.415856,
                26.212481
              ],
              [
                9.413416,
                26.20887
              ],
              [
                9.409605,
                26.206179
              ],
              [
                9.406356,
                26.20211
              ],
              [
                9.402087,
                26.198615
              ],
              [
                9.398983,
                26.195638
              ]
            ]
          ]
        ]
      }
    },
    {
      "type": "Feature",
      "id": 108,
      "properties": {
        "id": 108,
        "slug": "murzuq",
        "name_ar": "مرزق",
        "name_en": "Murzuq",
        "type": "municipality",
        "source": "openstreetmap-geofabrik",
        "source_id": "a4120363",
        "admin_level": 4
      },
      "geometry": {
        "type": "MultiPolygon",
        "coordinates": [
          [
            [
              [
                11.3326406,
                25.3893738
              ],
              [
                11.3400183,
                25.1921654
              ],
              [
                11.3373518,
                24.985136
              ],
              [
                11.3339911,
                24.796833
              ],
              [
                11.4555225,
                24.5939674
              ],
              [
                11.4809904,
                24.4630413
              ],
              [
                11.4657736,
                24.3118629
              ],
              [
                11.430189,
                24.204854
              ],
              [
                11.435873,
                24.207776
              ],
              [
                11.445092,
                24.211845
              ],
              [
                11.450982,
                24.214079
              ],
              [
                11.457135,
                24.215797
              ],
              [
                11.462786,
                24.217001
              ],
              [
                11.472079,
                24.218719
              ],
              [
                11.484604,
                24.220955
              ],
              [
                11.502585,
                24.226629
              ],
              [
                11.508206,
                24.229319
              ],
              [
                11.513585,
                24.232585
              ],
              [
                11.519161,
                24.235736
              ],
              [
                11.524931,
                24.238946
              ],
              [
                11.530752,
                24.241639
              ],
              [
                11.537204,
                24.244273
              ],
              [
                11.546251,
                24.247308
              ],
              [
                11.552513,
                24.249313
              ],
              [
                11.559258,
                24.250803
              ],
              [
                11.565669,
                24.252407
              ],
              [
                11.5691819,
                24.2530288
              ],
              [
                11.5721819,
                24.2530858
              ],
              [
                11.5756609,
                24.2530288
              ],
              [
                11.5787329,
                24.2527998
              ],
              [
                11.5818619,
                24.2530858
              ],
              [
                11.5853039,
                24.2542918
              ],
              [
                11.6015759,
                24.2646588
              ],
              [
                11.6042629,
                24.2647178
              ],
              [
                11.7435099,
                24.0010588
              ],
              [
                11.8460639,
                23.8057508
              ],
              [
                11.9973419,
                23.5171688
              ],
              [
                12.013056,
                23.515556
              ],
              [
                12.027778,
                23.512222
              ],
              [
                12.0425,
                23.508889
              ],
              [
                12.0575,
                23.506389
              ],
              [
                12.072222,
                23.503056
              ],
              [
                12.087222,
                23.499722
              ],
              [
                12.101944,
                23.496389
              ],
              [
                12.116944,
                23.493889
              ],
              [
                12.131667,
                23.490556
              ],
              [
                12.146389,
                23.487222
              ],
              [
                12.161389,
                23.483889
              ],
              [
                12.176111,
                23.481389
              ],
              [
                12.190833,
                23.478056
              ],
              [
                12.205833,
                23.474722
              ],
              [
                12.220556,
                23.471389
              ],
              [
                12.235556,
                23.468889
              ],
              [
                12.250278,
                23.465556
              ],
              [
                12.265,
                23.462222
              ],
              [
                12.28,
                23.458889
              ],
              [
                12.294722,
                23.456389
              ],
              [
                12.309444,
                23.453056
              ],
              [
                12.324444,
                23.449722
              ],
              [
                12.339167,
                23.446389
              ],
              [
                12.354167,
                23.443611
              ],
              [
                12.368889,
                23.440278
              ],
              [
                12.383611,
                23.437222
              ],
              [
                12.398611,
                23.433611
              ],
              [
                12.413333,
                23.431111
              ],
              [
                12.428056,
                23.427778
              ],
              [
                12.443056,
                23.424444
              ],
              [
                12.457778,
                23.421111
              ],
              [
                12.4725,
                23.418611
              ],
              [
                12.4875,
                23.415278
              ],
              [
                12.502222,
                23.411944
              ],
              [
                12.516944,
                23.408611
              ],
              [
                12.531944,
                23.405833
              ],
              [
                12.546667,
                23.4025
              ],
              [
                12.561389,
                23.399167
              ],
              [
                12.576111,
                23.395833
              ],
              [
                12.591111,
                23.393333
              ],
              [
                12.605833,
                23.389722
              ],
              [
                12.620556,
                23.386389
              ],
              [
                12.635556,
                23.383056
              ],
              [
                12.650278,
                23.380556
              ],
              [
                12.665,
                23.377222
              ],
              [
                12.68,
                23.373889
              ],
              [
                12.694722,
                23.370556
              ],
              [
                12.709444,
                23.367778
              ],
              [
                12.724167,
                23.364444
              ],
              [
                12.739167,
                23.361111
              ],
              [
                12.753889,
                23.357778
              ],
              [
                12.768611,
                23.355
              ],
              [
                12.783611,
                23.351667
              ],
              [
                12.798333,
                23.348333
              ],
              [
                12.813056,
                23.345
              ],
              [
                12.827778,
                23.342222
              ],
              [
                12.842778,
                23.338889
              ],
              [
                12.8575,
                23.335556
              ],
              [
                12.872222,
                23.332222
              ],
              [
                12.886944,
                23.329444
              ],
              [
                12.901944,
                23.326111
              ],
              [
                12.916667,
                23.322778
              ],
              [
                12.931389,
                23.319444
              ],
              [
                12.946111,
                23.316667
              ],
              [
                12.961111,
                23.313333
              ],
              [
                12.975833,
                23.31
              ],
              [
                12.990556,
                23.306389
              ],
              [
                13.005278,
                23.303889
              ],
              [
                13.02,
                23.300556
              ],
              [
                13.035,
                23.296944
              ],
              [
                13.049722,
                23.293611
              ],
              [
                13.064444,
                23.290833
              ],
              [
                13.079167,
                23.2875
              ],
              [
                13.094167,
                23.284167
              ],
              [
                13.108889,
                23.280833
              ],
              [
                13.123611,
                23.278056
              ],
              [
                13.138333,
                23.274722
              ],
              [
                13.153056,
                23.271389
              ],
              [
                13.167778,
                23.267778
              ],
              [
                13.182778,
                23.265
              ],
              [
                13.1975,
                23.261667
              ],
              [
                13.212222,
                23.258333
              ],
              [
                13.226944,
                23.255
              ],
              [
                13.241944,
                23.252222
              ],
              [
                13.256667,
                23.248889
              ],
              [
                13.271389,
                23.245278
              ],
              [
                13.286111,
                23.241944
              ],
              [
                13.300833,
                23.239167
              ],
              [
                13.315556,
                23.235833
              ],
              [
                13.330278,
                23.2325
              ],
              [
                13.345278,
                23.228889
              ],
              [
                13.36,
                23.226111
              ],
              [
                13.374722,
                23.222778
              ],
              [
                13.389444,
                23.219444
              ],
              [
                13.404167,
                23.216667
              ],
              [
                13.410833,
                23.215556
              ],
              [
                13.416944,
                23.213889
              ],
              [
                13.421944,
                23.211667
              ],
              [
                13.427778,
                23.21
              ],
              [
                13.432778,
                23.207778
              ],
              [
                13.438889,
                23.206111
              ],
              [
                13.443889,
                23.203889
              ],
              [
                13.449722,
                23.202222
              ],
              [
                13.455556,
                23.200556
              ],
              [
                13.461667,
                23.198889
              ],
              [
                13.466667,
                23.196667
              ],
              [
                13.4725,
                23.195
              ],
              [
                13.4775,
                23.1925
              ],
              [
                13.482778,
                23.190278
              ],
              [
                13.488611,
                23.188611
              ],
              [
                13.493611,
                23.186389
              ],
              [
                13.498889,
                23.184167
              ],
              [
                13.504722,
                23.1825
              ],
              [
                13.509722,
                23.18
              ],
              [
                13.515,
                23.177778
              ],
              [
                13.520833,
                23.176111
              ],
              [
                13.525833,
                23.173889
              ],
              [
                13.531667,
                23.172222
              ],
              [
                13.5375,
                23.17
              ],
              [
                13.543611,
                23.168333
              ],
              [
                13.548611,
                23.165833
              ],
              [
                13.553611,
                23.163611
              ],
              [
                13.558056,
                23.160833
              ],
              [
                13.563056,
                23.158333
              ],
              [
                13.5675,
                23.155556
              ],
              [
                13.571667,
                23.1525
              ],
              [
                13.576111,
                23.149444
              ],
              [
                13.580278,
                23.146667
              ],
              [
                13.585556,
                23.144167
              ],
              [
                13.589722,
                23.141389
              ],
              [
                13.595,
                23.138889
              ],
              [
                13.599167,
                23.136111
              ],
              [
                13.603611,
                23.133056
              ],
              [
                13.607778,
                23.130278
              ],
              [
                13.612222,
                23.127222
              ],
              [
                13.616389,
                23.124167
              ],
              [
                13.617778,
                23.121389
              ],
              [
                13.623333,
                23.116389
              ],
              [
                13.637778,
                23.104722
              ],
              [
                13.651944,
                23.093056
              ],
              [
                13.666389,
                23.081389
              ],
              [
                13.680556,
                23.069722
              ],
              [
                13.694722,
                23.058056
              ],
              [
                13.709167,
                23.046389
              ],
              [
                13.723333,
                23.034722
              ],
              [
                13.7375,
                23.023056
              ],
              [
                13.751667,
                23.011389
              ],
              [
                13.766111,
                22.999722
              ],
              [
                13.780278,
                22.988056
              ],
              [
                13.794444,
                22.976389
              ],
              [
                13.808611,
                22.964722
              ],
              [
                13.823056,
                22.952778
              ],
              [
                13.837222,
                22.941111
              ],
              [
                13.851389,
                22.929444
              ],
              [
                13.865556,
                22.917778
              ],
              [
                13.88,
                22.906111
              ],
              [
                13.894167,
                22.894444
              ],
              [
                13.908333,
                22.882778
              ],
              [
                13.9225,
                22.871111
              ],
              [
                13.936667,
                22.859444
              ],
              [
                13.950833,
                22.847778
              ],
              [
                13.965,
                22.836111
              ],
              [
                13.979444,
                22.824444
              ],
              [
                13.993611,
                22.8125
              ],
              [
                14.007778,
                22.800833
              ],
              [
                14.021944,
                22.789167
              ],
              [
                14.036111,
                22.7775
              ],
              [
                14.050278,
                22.765833
              ],
              [
                14.064444,
                22.754167
              ],
              [
                14.0781092,
                22.7429492
              ],
              [
                14.092778,
                22.730556
              ],
              [
                14.106944,
                22.718889
              ],
              [
                14.121111,
                22.707222
              ],
              [
                14.135278,
                22.695556
              ],
              [
                14.149444,
                22.683889
              ],
              [
                14.163611,
                22.672222
              ],
              [
                14.1737717,
                22.6611966
              ],
              [
                14.1767802,
                22.6589612
              ],
              [
                14.191944,
                22.648611
              ],
              [
                14.206111,
                22.636944
              ],
              [
                14.220278,
                22.625278
              ],
              [
                14.234444,
                22.613611
              ],
              [
                14.248333,
                22.621111
              ],
              [
                14.263611,
                22.628333
              ],
              [
                14.278889,
                22.636667
              ],
              [
                14.294444,
                22.644722
              ],
              [
                14.309722,
                22.652222
              ],
              [
                14.325,
                22.660278
              ],
              [
                14.340556,
                22.668333
              ],
              [
                14.355833,
                22.675833
              ],
              [
                14.371111,
                22.683889
              ],
              [
                14.386667,
                22.691111
              ],
              [
                14.401944,
                22.699444
              ],
              [
                14.417222,
                22.7075
              ],
              [
                14.432778,
                22.715
              ],
              [
                14.448056,
                22.723056
              ],
              [
                14.463333,
                22.730278
              ],
              [
                14.478889,
                22.738333
              ],
              [
                14.494167,
                22.746389
              ],
              [
                14.509722,
                22.753889
              ],
              [
                14.525,
                22.761944
              ],
              [
                14.540556,
                22.77
              ],
              [
                14.555833,
                22.7775
              ],
              [
                14.571111,
                22.785556
              ],
              [
                14.586667,
                22.793056
              ],
              [
                14.601944,
                22.801111
              ],
              [
                14.6175,
                22.809167
              ],
              [
                14.632778,
                22.816667
              ],
              [
                14.648333,
                22.824722
              ],
              [
                14.663611,
                22.831944
              ],
              [
                14.678889,
                22.84
              ],
              [
                14.694444,
                22.848056
              ],
              [
                14.709722,
                22.855556
              ],
              [
                14.725278,
                22.863611
              ],
              [
                14.740833,
                22.871667
              ],
              [
                14.756111,
                22.879167
              ],
              [
                14.771667,
                22.887222
              ],
              [
                14.786944,
                22.894444
              ],
              [
                14.8025,
                22.9025
              ],
              [
                14.817778,
                22.910556
              ],
              [
                14.833333,
                22.918056
              ],
              [
                14.848611,
                22.926111
              ],
              [
                14.864167,
                22.934167
              ],
              [
                14.879444,
                22.941389
              ],
              [
                14.895,
                22.949444
              ],
              [
                14.910556,
                22.956944
              ],
              [
                14.925833,
                22.965
              ],
              [
                14.941389,
                22.972778
              ],
              [
                14.956667,
                22.980278
              ],
              [
                14.972222,
                22.988333
              ],
              [
                14.987778,
                22.995556
              ],
              [
                14.9985831,
                23.0012385
              ],
              [
                16.0000107,
                23.4507957
              ],
              [
                17.7886317,
                22.661027
              ],
              [
                17.790278,
                22.664167
              ],
              [
                17.8050041,
                22.6587178
              ],
              [
                17.818889,
                22.650278
              ],
              [
                17.833056,
                22.643889
              ],
              [
                17.8475,
                22.637222
              ],
              [
                17.875833,
                22.623889
              ],
              [
                17.890278,
                22.616667
              ],
              [
                17.918611,
                22.603333
              ],
              [
                17.933056,
                22.596667
              ],
              [
                17.947222,
                22.59
              ],
              [
                17.961667,
                22.582778
              ],
              [
                17.99,
                22.569444
              ],
              [
                18.004444,
                22.562778
              ],
              [
                18.018611,
                22.555556
              ],
              [
                18.032778,
                22.548889
              ],
              [
                18.047222,
                22.542222
              ],
              [
                18.075556,
                22.528889
              ],
              [
                18.089722,
                22.521389
              ],
              [
                18.104167,
                22.515
              ],
              [
                18.1325,
                22.501667
              ],
              [
                18.146667,
                22.494167
              ],
              [
                18.161111,
                22.4875
              ],
              [
                18.189444,
                22.474167
              ],
              [
                18.203889,
                22.4675
              ],
              [
                18.218056,
                22.460278
              ],
              [
                18.246389,
                22.446944
              ],
              [
                18.260833,
                22.440278
              ],
              [
                18.275,
                22.433611
              ],
              [
                18.289167,
                22.426389
              ],
              [
                18.303333,
                22.419444
              ],
              [
                18.3175,
                22.412778
              ],
              [
                18.331944,
                22.406111
              ],
              [
                18.346111,
                22.398889
              ],
              [
                18.388611,
                22.378889
              ],
              [
                18.403056,
                22.372222
              ],
              [
                18.417222,
                22.364722
              ],
              [
                18.473889,
                22.338056
              ],
              [
                18.488056,
                22.330833
              ],
              [
                18.5025,
                22.323889
              ],
              [
                18.530833,
                22.310556
              ],
              [
                18.545,
                22.303333
              ],
              [
                18.559167,
                22.296667
              ],
              [
                18.573333,
                22.289722
              ],
              [
                18.601667,
                22.276389
              ],
              [
                18.615833,
                22.269167
              ],
              [
                18.63,
                22.262222
              ],
              [
                18.644444,
                22.255556
              ],
              [
                18.658611,
                22.248889
              ],
              [
                18.672778,
                22.241667
              ],
              [
                18.686944,
                22.235
              ],
              [
                18.701111,
                22.228056
              ],
              [
                18.729444,
                22.214722
              ],
              [
                18.743611,
                22.207222
              ],
              [
                18.800278,
                22.180556
              ],
              [
                18.814444,
                22.173056
              ],
              [
                18.842778,
                22.159722
              ],
              [
                18.856944,
                22.152778
              ],
              [
                18.871111,
                22.145556
              ],
              [
                18.885278,
                22.138611
              ],
              [
                18.927778,
                22.118611
              ],
              [
                18.941667,
                22.111111
              ],
              [
                18.97,
                22.097778
              ],
              [
                18.984167,
                22.090833
              ],
              [
                19.1857653,
                21.9902324
              ],
              [
                19.1856594,
                22.026741
              ],
              [
                19.1680965,
                26.003809
              ],
              [
                19.1259861,
                26.0223446
              ],
              [
                19.02075,
                26.0552235
              ],
              [
                18.8856449,
                26.085844
              ],
              [
                18.7287788,
                26.1140652
              ],
              [
                18.6151752,
                26.13937
              ],
              [
                18.514986,
                26.1498241
              ],
              [
                18.4124298,
                26.2336063
              ],
              [
                18.3206329,
                26.3294868
              ],
              [
                18.2040901,
                26.3764992
              ],
              [
                18.0628529,
                26.3452244
              ],
              [
                17.9542332,
                26.2941685
              ],
              [
                17.9080811,
                26.2429104
              ],
              [
                17.7779522,
                26.1575222
              ],
              [
                17.6966839,
                26.1355858
              ],
              [
                17.566658,
                26.1258335
              ],
              [
                17.4936314,
                26.0842152
              ],
              [
                17.4097939,
                26.0523319
              ],
              [
                17.2633572,
                26.1009884
              ],
              [
                17.0925064,
                26.134737
              ],
              [
                16.9405632,
                26.1634827
              ],
              [
                16.8830833,
                26.2341423
              ],
              [
                16.8039989,
                26.2850971
              ],
              [
                16.7276516,
                26.3262405
              ],
              [
                16.6207867,
                26.4258442
              ],
              [
                16.568079,
                26.5282097
              ],
              [
                16.5751324,
                26.6309814
              ],
              [
                16.5199242,
                26.7015095
              ],
              [
                16.4596615,
                26.7328453
              ],
              [
                16.3720074,
                26.7737103
              ],
              [
                16.3227234,
                26.7928524
              ],
              [
                16.2784195,
                26.8462658
              ],
              [
                16.2691307,
                26.929327
              ],
              [
                16.2708778,
                27.0027142
              ],
              [
                16.2797146,
                27.0752277
              ],
              [
                15.7611027,
                26.9479618
              ],
              [
                15.656085,
                26.9281139
              ],
              [
                15.4670668,
                26.8978558
              ],
              [
                15.278018,
                26.87677
              ],
              [
                15.0997705,
                26.8369026
              ],
              [
                14.9740295,
                26.807003
              ],
              [
                14.8275995,
                26.7579556
              ],
              [
                14.7446918,
                26.6816883
              ],
              [
                14.6411772,
                26.5862846
              ],
              [
                14.5379486,
                26.4814301
              ],
              [
                14.424387,
                26.3763103
              ],
              [
                14.2474813,
                26.3074493
              ],
              [
                14.1330051,
                26.2677612
              ],
              [
                13.9344406,
                26.2469215
              ],
              [
                13.6693373,
                26.1597424
              ],
              [
                13.4819222,
                26.1180305
              ],
              [
                13.4100609,
                26.0600643
              ],
              [
                13.3082867,
                25.9450302
              ],
              [
                13.2054882,
                25.876833
              ],
              [
                12.9656162,
                25.8614464
              ],
              [
                12.7999029,
                25.8101654
              ],
              [
                12.706789,
                25.7794914
              ],
              [
                12.6249599,
                25.7209015
              ],
              [
                12.5000992,
                25.708025
              ],
              [
                12.3636799,
                25.7323055
              ],
              [
                12.2617502,
                25.6541691
              ],
              [
                12.1599255,
                25.575964
              ],
              [
                12.0456419,
                25.5630913
              ],
              [
                11.858469,
                25.5478401
              ],
              [
                11.7741756,
                25.5733356
              ],
              [
                11.6304784,
                25.636118
              ],
              [
                11.6219383,
                25.6398482
              ],
              [
                11.5940752,
                25.6520176
              ],
              [
                11.5874982,
                25.6486197
              ],
              [
                11.5679515,
                25.6385208
              ],
              [
                11.4834569,
                25.5948562
              ],
              [
                11.3995533,
                25.5514812
              ],
              [
                11.3326406,
                25.3893738
              ]
            ]
          ]
        ]
      }
    },
    {
      "type": "Feature",
      "id": 113,
      "properties": {
        "id": 113,
        "slug": "nalut",
        "name_ar": "نالوت",
        "name_en": "Nalut",
        "type": "municipality",
        "source": "openstreetmap-geofabrik",
        "source_id": "a4120365",
        "admin_level": 4
      },
      "geometry": {
        "type": "MultiPolygon",
        "coordinates": [
          [
            [
              [
                9.391081,
                30.167268
              ],
              [
                9.391316,
                30.146357
              ],
              [
                9.396743,
                30.122409
              ],
              [
                9.401107,
                30.094337
              ],
              [
                9.405092,
                30.078865
              ],
              [
                9.407538,
                30.065861
              ],
              [
                9.413283,
                30.047525
              ],
              [
                9.414854,
                30.042656
              ],
              [
                9.429214,
                30.027129
              ],
              [
                9.4422576,
                30.0096637
              ],
              [
                9.4425257,
                30.00961
              ],
              [
                9.452941,
                30.000777
              ],
              [
                9.45384,
                30.000375
              ],
              [
                9.498487,
                29.948355
              ],
              [
                9.530202,
                29.911343
              ],
              [
                9.538688,
                29.901201
              ],
              [
                9.577628,
                29.824773
              ],
              [
                9.610713,
                29.760149
              ],
              [
                9.631769,
                29.718036
              ],
              [
                9.65117,
                29.680452
              ],
              [
                9.670956,
                29.640751
              ],
              [
                9.692437,
                29.598581
              ],
              [
                9.703473,
                29.576639
              ],
              [
                9.716313,
                29.551602
              ],
              [
                9.741999,
                29.499695
              ],
              [
                9.759917,
                29.464346
              ],
              [
                9.779948,
                29.424757
              ],
              [
                9.787679,
                29.392044
              ],
              [
                9.797081,
                29.351996
              ],
              [
                9.805683,
                29.314812
              ],
              [
                9.813114,
                29.282729
              ],
              [
                9.820203,
                29.251275
              ],
              [
                9.829009,
                29.214034
              ],
              [
                9.836389,
                29.181892
              ],
              [
                9.845688,
                29.141673
              ],
              [
                9.855373,
                29.099334
              ],
              [
                9.863221,
                29.064962
              ],
              [
                9.871652,
                29.027662
              ],
              [
                9.873874,
                29.009327
              ],
              [
                9.874682,
                29.000503
              ],
              [
                9.878653,
                28.962637
              ],
              [
                9.882838,
                28.924881
              ],
              [
                9.889546,
                28.870393
              ],
              [
                9.8930511,
                28.8404968
              ],
              [
                10.0315939,
                28.8520962
              ],
              [
                10.382325,
                28.8637519
              ],
              [
                10.8848955,
                28.8893216
              ],
              [
                11.6423188,
                28.9445988
              ],
              [
                11.9086213,
                28.9630095
              ],
              [
                11.9261931,
                28.9642056
              ],
              [
                11.9397044,
                28.9651238
              ],
              [
                11.9467184,
                28.9651735
              ],
              [
                11.9380795,
                30.9893099
              ],
              [
                11.9324475,
                31.0482219
              ],
              [
                11.8954415,
                31.0446629
              ],
              [
                11.8292025,
                31.0552469
              ],
              [
                11.8234205,
                31.0806289
              ],
              [
                11.7699385,
                31.1523209
              ],
              [
                11.7309435,
                31.2072609
              ],
              [
                11.7384015,
                31.2366799
              ],
              [
                11.7372475,
                31.3010179
              ],
              [
                11.7581835,
                31.3514089
              ],
              [
                11.7495175,
                31.412984
              ],
              [
                11.7397355,
                31.4855859
              ],
              [
                11.7249875,
                31.555602
              ],
              [
                11.7388005,
                31.62548
              ],
              [
                11.7593255,
                31.6802969
              ],
              [
                11.7562435,
                31.7111769
              ],
              [
                11.7665125,
                31.738586
              ],
              [
                11.7386205,
                31.7832079
              ],
              [
                11.7296835,
                31.8203239
              ],
              [
                11.7280485,
                31.862417
              ],
              [
                11.7383145,
                31.889831
              ],
              [
                11.7459965,
                31.9170549
              ],
              [
                11.7324375,
                31.9738289
              ],
              [
                11.7221155,
                32.0241729
              ],
              [
                11.7099785,
                32.0921559
              ],
              [
                11.7054785,
                32.136261
              ],
              [
                11.7288405,
                32.1890879
              ],
              [
                11.7552705,
                32.2376959
              ],
              [
                11.7810016,
                32.2787232
              ],
              [
                11.7154895,
                32.2739028
              ],
              [
                11.6768028,
                32.2718411
              ],
              [
                11.6062924,
                32.2679762
              ],
              [
                11.5425624,
                32.2712624
              ],
              [
                11.4749934,
                32.3121097
              ],
              [
                11.421111,
                32.354167
              ],
              [
                11.414722,
                32.353056
              ],
              [
                11.408889,
                32.351111
              ],
              [
                11.4025,
                32.349444
              ],
              [
                11.396667,
                32.348056
              ],
              [
                11.390833,
                32.346389
              ],
              [
                11.384444,
                32.345
              ],
              [
                11.378611,
                32.343056
              ],
              [
                11.372778,
                32.341389
              ],
              [
                11.368056,
                32.338611
              ],
              [
                11.362222,
                32.336111
              ],
              [
                11.357222,
                32.335
              ],
              [
                11.351389,
                32.331667
              ],
              [
                11.346667,
                32.329722
              ],
              [
                11.341667,
                32.327222
              ],
              [
                11.3375,
                32.325278
              ],
              [
                11.325833,
                32.319444
              ],
              [
                11.308611,
                32.313056
              ],
              [
                11.292222,
                32.306667
              ],
              [
                11.275833,
                32.299722
              ],
              [
                11.259167,
                32.293333
              ],
              [
                11.242778,
                32.286111
              ],
              [
                11.226389,
                32.279722
              ],
              [
                11.1822655,
                32.2611687
              ],
              [
                11.1552927,
                32.2499202
              ],
              [
                11.128611,
                32.238611
              ],
              [
                11.111389,
                32.233056
              ],
              [
                11.095833,
                32.225833
              ],
              [
                11.078611,
                32.219722
              ],
              [
                11.061944,
                32.2125
              ],
              [
                11.045556,
                32.206111
              ],
              [
                11.029167,
                32.199722
              ],
              [
                10.9879363,
                32.1716625
              ],
              [
                10.9590999,
                32.1559873
              ],
              [
                10.8614297,
                32.1052972
              ],
              [
                10.860977,
                32.0856394
              ],
              [
                10.7951405,
                31.9981439
              ],
              [
                10.7765174,
                31.9897017
              ],
              [
                10.7591903,
                31.9845111
              ],
              [
                10.7493143,
                31.9860047
              ],
              [
                10.7472512,
                31.9853154
              ],
              [
                10.7450797,
                31.9833322
              ],
              [
                10.7410386,
                31.9809637
              ],
              [
                10.7365888,
                31.9770018
              ],
              [
                10.7302732,
                31.9728528
              ],
              [
                10.7293034,
                31.9724322
              ],
              [
                10.7259222,
                31.97021
              ],
              [
                10.7247082,
                31.9694258
              ],
              [
                10.7222897,
                31.9676671
              ],
              [
                10.7215233,
                31.967565
              ],
              [
                10.719819,
                31.9685256
              ],
              [
                10.718642,
                31.9686631
              ],
              [
                10.7177041,
                31.9684646
              ],
              [
                10.7131866,
                31.9671116
              ],
              [
                10.7077813,
                31.9680863
              ],
              [
                10.6855961,
                31.9754047
              ],
              [
                10.6838824,
                31.9757611
              ],
              [
                10.6837594,
                31.9757859
              ],
              [
                10.682753,
                31.9759986
              ],
              [
                10.6794806,
                31.9767745
              ],
              [
                10.6741162,
                31.9771021
              ],
              [
                10.6581517,
                31.9777028
              ],
              [
                10.6579586,
                31.9767017
              ],
              [
                10.6573149,
                31.9747905
              ],
              [
                10.6563493,
                31.9741352
              ],
              [
                10.6547829,
                31.9744082
              ],
              [
                10.6539246,
                31.9742626
              ],
              [
                10.6533237,
                31.974481
              ],
              [
                10.6532165,
                31.9748087
              ],
              [
                10.6520148,
                31.9746631
              ],
              [
                10.6515857,
                31.9751363
              ],
              [
                10.6497189,
                31.974572
              ],
              [
                10.6485387,
                31.9749179
              ],
              [
                10.6477877,
                31.9746813
              ],
              [
                10.6472298,
                31.9742626
              ],
              [
                10.6483456,
                31.9736073
              ],
              [
                10.6493326,
                31.974026
              ],
              [
                10.650899,
                31.9739532
              ],
              [
                10.6512638,
                31.9736073
              ],
              [
                10.650384,
                31.9726608
              ],
              [
                10.6509205,
                31.9718235
              ],
              [
                10.650663,
                31.9713866
              ],
              [
                10.6490322,
                31.9703855
              ],
              [
                10.6489464,
                31.9694935
              ],
              [
                10.6489464,
                31.9691112
              ],
              [
                10.6477877,
                31.9691294
              ],
              [
                10.6469937,
                31.9699668
              ],
              [
                10.6455775,
                31.9698758
              ],
              [
                10.644054,
                31.9701488
              ],
              [
                10.6433352,
                31.9700942
              ],
              [
                10.6429168,
                31.9697483
              ],
              [
                10.6415649,
                31.968019
              ],
              [
                10.6406208,
                31.9678188
              ],
              [
                10.6411787,
                31.9674001
              ],
              [
                10.6424447,
                31.9669268
              ],
              [
                10.6441399,
                31.9673091
              ],
              [
                10.6452557,
                31.9675275
              ],
              [
                10.6469294,
                31.9668176
              ],
              [
                10.6475945,
                31.9662533
              ],
              [
                10.6478091,
                31.9654523
              ],
              [
                10.6472512,
                31.9653613
              ],
              [
                10.6458994,
                31.9652521
              ],
              [
                10.6437965,
                31.9635773
              ],
              [
                10.6429811,
                31.963377
              ],
              [
                10.6432386,
                31.9624486
              ],
              [
                10.6438824,
                31.9616658
              ],
              [
                10.6442901,
                31.961502
              ],
              [
                10.6443973,
                31.961065
              ],
              [
                10.6423374,
                31.9602822
              ],
              [
                10.6416293,
                31.960173
              ],
              [
                10.6402131,
                31.9609558
              ],
              [
                10.6396981,
                31.9610104
              ],
              [
                10.6393548,
                31.9605553
              ],
              [
                10.6395479,
                31.9592263
              ],
              [
                10.6402346,
                31.9571509
              ],
              [
                10.6393763,
                31.9569506
              ],
              [
                10.6387969,
                31.9575514
              ],
              [
                10.6377884,
                31.9578973
              ],
              [
                10.6368657,
                31.9580976
              ],
              [
                10.6356426,
                31.9592445
              ],
              [
                10.6347629,
                31.9593356
              ],
              [
                10.6344195,
                31.9611197
              ],
              [
                10.6340118,
                31.9609376
              ],
              [
                10.6337114,
                31.9599181
              ],
              [
                10.6338402,
                31.9586256
              ],
              [
                10.6328102,
                31.9575696
              ],
              [
                10.6328531,
                31.9563499
              ],
              [
                10.6333896,
                31.9556762
              ],
              [
                10.6343122,
                31.9558219
              ],
              [
                10.6365868,
                31.9557855
              ],
              [
                10.637209,
                31.9560768
              ],
              [
                10.6374451,
                31.9551483
              ],
              [
                10.6383248,
                31.954857
              ],
              [
                10.6382819,
                31.9530728
              ],
              [
                10.6387111,
                31.9520532
              ],
              [
                10.6373592,
                31.9516708
              ],
              [
                10.6355568,
                31.9519804
              ],
              [
                10.6348058,
                31.9518165
              ],
              [
                10.6355782,
                31.9508333
              ],
              [
                10.6359859,
                31.9503417
              ],
              [
                10.6341835,
                31.9491583
              ],
              [
                10.6330248,
                31.9487031
              ],
              [
                10.6326815,
                31.947028
              ],
              [
                10.6328102,
                31.9467003
              ],
              [
                10.6335612,
                31.9468824
              ],
              [
                10.6342479,
                31.9466092
              ],
              [
                10.6347199,
                31.9469006
              ],
              [
                10.6346985,
                31.9465182
              ],
              [
                10.6350418,
                31.9462269
              ],
              [
                10.6343981,
                31.9460448
              ],
              [
                10.6337758,
                31.9455168
              ],
              [
                10.6339904,
                31.9452619
              ],
              [
                10.6333252,
                31.9448067
              ],
              [
                10.6333037,
                31.9444607
              ],
              [
                10.6338616,
                31.9440783
              ],
              [
                10.6343337,
                31.9441512
              ],
              [
                10.6355568,
                31.9440965
              ],
              [
                10.6365009,
                31.9444607
              ],
              [
                10.6375953,
                31.9447702
              ],
              [
                10.6381532,
                31.9460812
              ],
              [
                10.6387969,
                31.9451526
              ],
              [
                10.6392046,
                31.9449159
              ],
              [
                10.6401487,
                31.9461358
              ],
              [
                10.640256,
                31.9448613
              ],
              [
                10.640535,
                31.9446974
              ],
              [
                10.6415006,
                31.9446792
              ],
              [
                10.6416937,
                31.9443697
              ],
              [
                10.6426378,
                31.9441147
              ],
              [
                10.6422087,
                31.9438416
              ],
              [
                10.6411358,
                31.9439509
              ],
              [
                10.6400414,
                31.9436049
              ],
              [
                10.6388184,
                31.9434046
              ],
              [
                10.6390973,
                31.942913
              ],
              [
                10.6393333,
                31.9425852
              ],
              [
                10.6389471,
                31.9421847
              ],
              [
                10.6387969,
                31.9417112
              ],
              [
                10.6381961,
                31.9424578
              ],
              [
                10.6374451,
                31.942567
              ],
              [
                10.6364151,
                31.9422757
              ],
              [
                10.6366726,
                31.9417294
              ],
              [
                10.6354066,
                31.9414199
              ],
              [
                10.6345697,
                31.9417112
              ],
              [
                10.6344195,
                31.9414199
              ],
              [
                10.6338831,
                31.941602
              ],
              [
                10.6340547,
                31.9408736
              ],
              [
                10.6346126,
                31.9401453
              ],
              [
                10.6341835,
                31.9399086
              ],
              [
                10.634205,
                31.9392712
              ],
              [
                10.635707,
                31.9391802
              ],
              [
                10.6370588,
                31.9391256
              ],
              [
                10.6385823,
                31.9395262
              ],
              [
                10.6382605,
                31.9392348
              ],
              [
                10.6373807,
                31.9388524
              ],
              [
                10.6371017,
                31.9383243
              ],
              [
                10.6358572,
                31.9381058
              ],
              [
                10.6346985,
                31.9376688
              ],
              [
                10.6345912,
                31.936904
              ],
              [
                10.6351705,
                31.9369222
              ],
              [
                10.6350847,
                31.9363213
              ],
              [
                10.6352993,
                31.9358843
              ],
              [
                10.6343552,
                31.9355019
              ],
              [
                10.6348272,
                31.934391
              ],
              [
                10.635943,
                31.9343
              ],
              [
                10.6369945,
                31.9338265
              ],
              [
                10.6375738,
                31.9339358
              ],
              [
                10.6380459,
                31.9341543
              ],
              [
                10.6382819,
                31.9337901
              ],
              [
                10.6380459,
                31.9330617
              ],
              [
                10.6374236,
                31.932916
              ],
              [
                10.6357499,
                31.9332256
              ],
              [
                10.6348701,
                31.9330253
              ],
              [
                10.6345912,
                31.9319509
              ],
              [
                10.6341835,
                31.9324972
              ],
              [
                10.6341191,
                31.9319509
              ],
              [
                10.6335612,
                31.9317687
              ],
              [
                10.6332394,
                31.9319873
              ],
              [
                10.6338616,
                31.9323879
              ],
              [
                10.6334325,
                31.9332256
              ],
              [
                10.6327673,
                31.9336991
              ],
              [
                10.6328102,
                31.9343546
              ],
              [
                10.6318875,
                31.9340997
              ],
              [
                10.6315657,
                31.934992
              ],
              [
                10.6322308,
                31.9355019
              ],
              [
                10.6317802,
                31.9363577
              ],
              [
                10.6319948,
                31.9372682
              ],
              [
                10.6316944,
                31.9379237
              ],
              [
                10.6312867,
                31.9383061
              ],
              [
                10.6313511,
                31.9389981
              ],
              [
                10.6306215,
                31.9392166
              ],
              [
                10.6302782,
                31.939162
              ],
              [
                10.6304499,
                31.9388706
              ],
              [
                10.6301924,
                31.93847
              ],
              [
                10.6302353,
                31.9379784
              ],
              [
                10.6296774,
                31.9381423
              ],
              [
                10.6294414,
                31.937942
              ],
              [
                10.6294843,
                31.9369951
              ],
              [
                10.6281324,
                31.9367583
              ],
              [
                10.6268235,
                31.9361392
              ],
              [
                10.6277462,
                31.9359935
              ],
              [
                10.6289907,
                31.9361938
              ],
              [
                10.628862,
                31.9355565
              ],
              [
                10.6290337,
                31.9347735
              ],
              [
                10.6282612,
                31.9343364
              ],
              [
                10.6275745,
                31.9343364
              ],
              [
                10.6265231,
                31.9334805
              ],
              [
                10.626566,
                31.9332074
              ],
              [
                10.6281753,
                31.9337355
              ],
              [
                10.6290122,
                31.933608
              ],
              [
                10.6290551,
                31.9327703
              ],
              [
                10.6302138,
                31.9330617
              ],
              [
                10.6305357,
                31.9327612
              ],
              [
                10.6307717,
                31.9316231
              ],
              [
                10.6300422,
                31.931441
              ],
              [
                10.6298705,
                31.9307307
              ],
              [
                10.6288191,
                31.9311314
              ],
              [
                10.628347,
                31.9305668
              ],
              [
                10.6271883,
                31.9304029
              ],
              [
                10.6272956,
                31.9299841
              ],
              [
                10.6277677,
                31.9294924
              ],
              [
                10.6270381,
                31.9294013
              ],
              [
                10.626051,
                31.9287275
              ],
              [
                10.6253429,
                31.9292192
              ],
              [
                10.6246563,
                31.9291099
              ],
              [
                10.6246777,
                31.9284908
              ],
              [
                10.6257292,
                31.9281447
              ],
              [
                10.6272527,
                31.9286365
              ],
              [
                10.6288405,
                31.9290189
              ],
              [
                10.6287762,
                31.9283815
              ],
              [
                10.6292911,
                31.9281265
              ],
              [
                10.630643,
                31.9286182
              ],
              [
                10.6312438,
                31.9284726
              ],
              [
                10.6302353,
                31.9279991
              ],
              [
                10.6301495,
                31.9275256
              ],
              [
                10.6297418,
                31.9274709
              ],
              [
                10.6283899,
                31.9268153
              ],
              [
                10.6289049,
                31.9266332
              ],
              [
                10.6288191,
                31.9257226
              ],
              [
                10.6284114,
                31.9248302
              ],
              [
                10.6271883,
                31.9257044
              ],
              [
                10.6266304,
                31.9256862
              ],
              [
                10.6248065,
                31.9252855
              ],
              [
                10.6238194,
                31.9253948
              ],
              [
                10.6236692,
                31.9243021
              ],
              [
                10.6246992,
                31.9245206
              ],
              [
                10.6253215,
                31.9243021
              ],
              [
                10.6254931,
                31.9237375
              ],
              [
                10.6248494,
                31.9239196
              ],
              [
                10.6242486,
                31.9231183
              ],
              [
                10.6234976,
                31.9225537
              ],
              [
                10.623798,
                31.9220255
              ],
              [
                10.6226822,
                31.9220984
              ],
              [
                10.6212016,
                31.9232822
              ],
              [
                10.6212874,
                31.9239742
              ],
              [
                10.6211372,
                31.9242292
              ],
              [
                10.6195494,
                31.9226447
              ],
              [
                10.6207081,
                31.9217705
              ],
              [
                10.6213733,
                31.9210602
              ],
              [
                10.6197854,
                31.9210967
              ],
              [
                10.6183692,
                31.9209328
              ],
              [
                10.6174036,
                31.9210238
              ],
              [
                10.6169315,
                31.920696
              ],
              [
                10.6186911,
                31.920095
              ],
              [
                10.6197425,
                31.9199128
              ],
              [
                10.6207081,
                31.9196761
              ],
              [
                10.6195708,
                31.9192025
              ],
              [
                10.6195494,
                31.9186379
              ],
              [
                10.6191846,
                31.9185286
              ],
              [
                10.6180259,
                31.9190204
              ],
              [
                10.6171246,
                31.9187654
              ],
              [
                10.6160303,
                31.9187836
              ],
              [
                10.6151291,
                31.9186561
              ],
              [
                10.6150862,
                31.9178183
              ],
              [
                10.6138631,
                31.9179822
              ],
              [
                10.6130691,
                31.9173994
              ],
              [
                10.61264,
                31.916343
              ],
              [
                10.6133481,
                31.9157055
              ],
              [
                10.6134125,
                31.9153595
              ],
              [
                10.6149789,
                31.915323
              ],
              [
                10.6164809,
                31.9150498
              ],
              [
                10.6182619,
                31.9155052
              ],
              [
                10.6196352,
                31.9163066
              ],
              [
                10.6205793,
                31.9164159
              ],
              [
                10.6222101,
                31.9160152
              ],
              [
                10.6235405,
                31.9163248
              ],
              [
                10.6238624,
                31.9161427
              ],
              [
                10.6231543,
                31.9158695
              ],
              [
                10.6221028,
                31.9155598
              ],
              [
                10.6204506,
                31.9158512
              ],
              [
                10.6190988,
                31.9153048
              ],
              [
                10.6185194,
                31.9147402
              ],
              [
                10.6193562,
                31.9139934
              ],
              [
                10.6195064,
                31.9133559
              ],
              [
                10.6184336,
                31.9141573
              ],
              [
                10.6172749,
                31.9142848
              ],
              [
                10.6163951,
                31.9141027
              ],
              [
                10.614893,
                31.9132284
              ],
              [
                10.6144894,
                31.9124656
              ],
              [
                10.6145364,
                31.9118485
              ],
              [
                10.615186,
                31.911573
              ],
              [
                10.6158297,
                31.9117733
              ],
              [
                10.6162803,
                31.9119008
              ],
              [
                10.6161945,
                31.9116276
              ],
              [
                10.6157224,
                31.9112451
              ],
              [
                10.6159156,
                31.9106258
              ],
              [
                10.6139415,
                31.9109172
              ],
              [
                10.6138127,
                31.9106622
              ],
              [
                10.613684,
                31.9103708
              ],
              [
                10.6143921,
                31.9100611
              ],
              [
                10.614907,
                31.9101158
              ],
              [
                10.614671,
                31.9097333
              ],
              [
                10.6152718,
                31.9096968
              ],
              [
                10.6135338,
                31.9094418
              ],
              [
                10.613169,
                31.9092415
              ],
              [
                10.6133192,
                31.9087861
              ],
              [
                10.6139415,
                31.9088225
              ],
              [
                10.6139629,
                31.9084036
              ],
              [
                10.6137698,
                31.9079846
              ],
              [
                10.6144779,
                31.9071649
              ],
              [
                10.614907,
                31.9071831
              ],
              [
                10.6144779,
                31.9069281
              ],
              [
                10.614907,
                31.9066185
              ],
              [
                10.6240051,
                31.9030481
              ],
              [
                10.6275027,
                31.8999695
              ],
              [
                10.6325667,
                31.8924456
              ],
              [
                10.6349485,
                31.8792545
              ],
              [
                10.6181042,
                31.8500597
              ],
              [
                10.5849521,
                31.8241193
              ],
              [
                10.5631511,
                31.7971503
              ],
              [
                10.5615847,
                31.7794402
              ],
              [
                10.5465858,
                31.7604496
              ],
              [
                10.5268448,
                31.7408347
              ],
              [
                10.5247205,
                31.7411631
              ],
              [
                10.5193989,
                31.7421668
              ],
              [
                10.5109446,
                31.7423128
              ],
              [
                10.5082624,
                31.7427325
              ],
              [
                10.5066102,
                31.7435719
              ],
              [
                10.5058592,
                31.7453237
              ],
              [
                10.5042498,
                31.7501956
              ],
              [
                10.5007951,
                31.7537171
              ],
              [
                10.4989069,
                31.754155
              ],
              [
                10.4928987,
                31.7508525
              ],
              [
                10.4910963,
                31.7479513
              ],
              [
                10.4891007,
                31.7415281
              ],
              [
                10.4862039,
                31.7390646
              ],
              [
                10.4722779,
                31.732878
              ],
              [
                10.4691236,
                31.7319655
              ],
              [
                10.4593818,
                31.7319838
              ],
              [
                10.448417,
                31.73025
              ],
              [
                10.4471295,
                31.7314363
              ],
              [
                10.4451769,
                31.7349037
              ],
              [
                10.4442327,
                31.735579
              ],
              [
                10.4379671,
                31.7328598
              ],
              [
                10.4361003,
                31.7359987
              ],
              [
                10.4344051,
                31.7378601
              ],
              [
                10.4320877,
                31.7378784
              ],
              [
                10.4267876,
                31.7360717
              ],
              [
                10.420758,
                31.7358162
              ],
              [
                10.4124754,
                31.7375316
              ],
              [
                10.4044287,
                31.7370754
              ],
              [
                10.4023259,
                31.7374586
              ],
              [
                10.3987639,
                31.7409442
              ],
              [
                10.3961032,
                31.7415098
              ],
              [
                10.3861468,
                31.7404697
              ],
              [
                10.3118174,
                31.7030711
              ],
              [
                10.2762621,
                31.6723962
              ],
              [
                10.2670567,
                31.6471549
              ],
              [
                10.2123397,
                31.5660331
              ],
              [
                10.1801532,
                31.5375626
              ],
              [
                10.1529877,
                31.5065404
              ],
              [
                10.1504986,
                31.5003567
              ],
              [
                10.1493614,
                31.498582
              ],
              [
                10.1390403,
                31.4900923
              ],
              [
                10.134105,
                31.4797719
              ],
              [
                10.1339119,
                31.4787471
              ],
              [
                10.1369547,
                31.4632494
              ],
              [
                10.1377879,
                31.4615069
              ],
              [
                10.1422146,
                31.4522489
              ],
              [
                10.1504115,
                31.4421806
              ],
              [
                10.1535872,
                31.416822
              ],
              [
                10.1662687,
                31.3769851
              ],
              [
                10.19779,
                31.3062812
              ],
              [
                10.2037123,
                31.2837833
              ],
              [
                10.2251056,
                31.2456512
              ],
              [
                10.2408985,
                31.2132663
              ],
              [
                10.2457694,
                31.1978681
              ],
              [
                10.2621416,
                31.1869465
              ],
              [
                10.2569274,
                31.1691756
              ],
              [
                10.2656821,
                31.121813
              ],
              [
                10.294135,
                31.09126
              ],
              [
                10.2751449,
                31.0408067
              ],
              [
                10.2799085,
                30.9861326
              ],
              [
                10.284715,
                30.9550392
              ],
              [
                10.2971176,
                30.9075516
              ],
              [
                10.3042578,
                30.8949626
              ],
              [
                10.2972892,
                30.8866348
              ],
              [
                10.2930835,
                30.8775375
              ],
              [
                10.2921609,
                30.8660082
              ],
              [
                10.2848438,
                30.8351889
              ],
              [
                10.2790073,
                30.8207983
              ],
              [
                10.2720765,
                30.8005077
              ],
              [
                10.252035,
                30.7672336
              ],
              [
                10.245941,
                30.7494582
              ],
              [
                10.2386454,
                30.7424688
              ],
              [
                10.2190116,
                30.704341
              ],
              [
                10.2018992,
                30.6935382
              ],
              [
                10.13037,
                30.5981144
              ],
              [
                10.0696019,
                30.5083647
              ],
              [
                10.0643662,
                30.5059984
              ],
              [
                10.0171164,
                30.4792434
              ],
              [
                10.0070957,
                30.4697748
              ],
              [
                10.0004438,
                30.4598613
              ],
              [
                9.9810568,
                30.4254894
              ],
              [
                9.9757353,
                30.4233985
              ],
              [
                9.9692551,
                30.4200124
              ],
              [
                9.9542776,
                30.4032836
              ],
              [
                9.9441496,
                30.3834237
              ],
              [
                9.9322191,
                30.3771113
              ],
              [
                9.9290863,
                30.375038
              ],
              [
                9.9120489,
                30.3612268
              ],
              [
                9.9080363,
                30.3562462
              ],
              [
                9.8775021,
                30.3369323
              ],
              [
                9.8317543,
                30.3372471
              ],
              [
                9.8276559,
                30.335673
              ],
              [
                9.7293154,
                30.3004607
              ],
              [
                9.7120205,
                30.2920679
              ],
              [
                9.7080937,
                30.2898445
              ],
              [
                9.7057119,
                30.2879175
              ],
              [
                9.6982018,
                30.2847861
              ],
              [
                9.6953264,
                30.2832111
              ],
              [
                9.6821514,
                30.2788009
              ],
              [
                9.6786967,
                30.2783747
              ],
              [
                9.6683112,
                30.2751874
              ],
              [
                9.6664015,
                30.2734825
              ],
              [
                9.6568957,
                30.2683492
              ],
              [
                9.646639,
                30.2636604
              ],
              [
                9.6416179,
                30.2601019
              ],
              [
                9.6103326,
                30.2446063
              ],
              [
                9.6079937,
                30.2423447
              ],
              [
                9.5958057,
                30.2381738
              ],
              [
                9.5757428,
                30.2330386
              ],
              [
                9.5679347,
                30.2321895
              ],
              [
                9.5592065,
                30.229061
              ],
              [
                9.5548636,
                30.2285905
              ],
              [
                9.539706,
                30.224565
              ],
              [
                9.525839,
                30.220954
              ],
              [
                9.510329,
                30.217572
              ],
              [
                9.492153,
                30.212129
              ],
              [
                9.4868958,
                30.2091107
              ],
              [
                9.4737114,
                30.2010284
              ],
              [
                9.4607499,
                30.1944127
              ],
              [
                9.4602799,
                30.1911159
              ],
              [
                9.4525994,
                30.1869474
              ],
              [
                9.4443583,
                30.1869799
              ],
              [
                9.436386,
                30.185946
              ],
              [
                9.430238,
                30.184225
              ],
              [
                9.41824,
                30.187092
              ],
              [
                9.415318,
                30.187552
              ],
              [
                9.405176,
                30.182165
              ],
              [
                9.398919,
                30.178669
              ],
              [
                9.391081,
                30.167268
              ]
            ]
          ]
        ]
      }
    }
  ]
}
